Gen	Fish X	Fish Y	Dx	Dy	Action
0	790.0	46.0	3.0	2.0	3
0	792.0	49.0	0.0	-3.0	3
0	789.0	49.0	-2.0	-3.0	3
0	786.0	47.0	2.0	1.0	3
0	787.0	49.0	3.0	0.0	3
0	787.0	52.0	0.0	3.0	-1
0	790.0	52.0	1.0	3.0	-1
0	793.0	53.0	-2.0	3.0	-1
0	796.0	51.0	-2.0	2.0	-1
0	798.0	49.0	-1.0	2.0	-1
0	800.0	48.0	2.0	-3.0	3
0	797.0	50.0	2.0	-2.0	3
0	795.0	52.0	0.0	1.0	-1
0	796.0	52.0	-1.0	1.0	-1
0	797.0	51.0	3.0	2.0	3
0	799.0	54.0	3.0	0.0	3
0	799.0	57.0	-3.0	1.0	-1
0	800.0	54.0	-3.0	-1.0	-1
0	799.0	51.0	-1.0	-3.0	3
0	796.0	50.0	-2.0	-3.0	3
0	793.0	48.0	1.0	-3.0	3
0	790.0	49.0	0.0	-2.0	3
0	788.0	49.0	-2.0	3.0	-1
0	791.0	47.0	1.0	-3.0	3
0	788.0	48.0	2.0	2.0	3
0	790.0	50.0	-1.0	-3.0	3
0	787.0	49.0	-1.0	0.0	-1
0	787.0	48.0	1.0	-2.0	3
0	785.0	49.0	1.0	2.0	-1
0	787.0	50.0	3.0	1.0	3
0	788.0	53.0	3.0	-2.0	3
0	786.0	56.0	2.0	3.0	-1
0	789.0	58.0	-1.0	0.0	-1
0	789.0	57.0	0.0	1.0	-1
0	790.0	57.0	-2.0	2.0	-1
0	792.0	55.0	3.0	3.0	-1
0	795.0	58.0	-3.0	1.0	-1
0	796.0	55.0	-3.0	-1.0	-1
0	795.0	52.0	2.0	-1.0	3
0	794.0	54.0	-3.0	3.0	-1
0	797.0	51.0	0.0	-2.0	3
0	795.0	51.0	2.0	2.0	-1
0	797.0	53.0	3.0	-2.0	3
0	795.0	56.0	3.0	-2.0	3
0	793.0	59.0	1.0	0.0	3
0	793.0	60.0	-1.0	-3.0	3
0	790.0	59.0	-3.0	-3.0	-1
0	787.0	56.0	-3.0	0.0	-1
0	787.0	53.0	1.0	0.0	3
0	787.0	54.0	-2.0	-1.0	-1
0	786.0	52.0	-3.0	-2.0	-1
0	784.0	49.0	3.0	3.0	3
0	787.0	52.0	2.0	-3.0	3
0	784.0	54.0	-3.0	1.0	-1
0	785.0	51.0	3.0	-1.0	3
0	784.0	54.0	0.0	-2.0	3
0	782.0	54.0	-1.0	2.0	-1
0	784.0	53.0	2.0	-3.0	3
0	781.0	55.0	1.0	3.0	-1
0	784.0	56.0	1.0	2.0	-1
0	786.0	57.0	0.0	-3.0	3
0	783.0	57.0	-1.0	1.0	-1
0	784.0	56.0	3.0	3.0	3
0	787.0	59.0	-3.0	-3.0	-1
0	784.0	56.0	-2.0	3.0	-1
0	787.0	54.0	2.0	1.0	3
0	788.0	56.0	1.0	3.0	-1
0	791.0	57.0	-2.0	-3.0	3
0	788.0	55.0	1.0	-2.0	3
0	786.0	56.0	0.0	-2.0	3
0	784.0	56.0	-1.0	1.0	-1
0	785.0	55.0	3.0	-1.0	3
0	784.0	58.0	3.0	1.0	3
0	785.0	61.0	-3.0	-3.0	-1
0	782.0	58.0	-1.0	-2.0	3
0	780.0	57.0	1.0	-3.0	3
0	777.0	58.0	-3.0	3.0	-1
0	780.0	55.0	0.0	1.0	-1
0	781.0	55.0	-2.0	-2.0	-1
0	779.0	53.0	-3.0	-2.0	-1
0	777.0	50.0	2.0	-3.0	3
0	774.0	52.0	0.0	-1.0	3
0	773.0	52.0	-1.0	-2.0	3
0	771.0	51.0	3.0	-2.0	3
0	769.0	54.0	1.0	-1.0	3
0	768.0	55.0	2.0	-2.0	3
0	766.0	57.0	-1.0	1.0	-1
0	767.0	56.0	-2.0	3.0	-1
0	770.0	54.0	2.0	-2.0	3
0	768.0	56.0	2.0	1.0	3
0	769.0	58.0	-3.0	3.0	-1
0	772.0	55.0	2.0	1.0	3
0	773.0	57.0	2.0	3.0	-1
0	776.0	59.0	3.0	2.0	3
0	778.0	62.0	1.0	3.0	-1
0	781.0	63.0	-1.0	-2.0	3
0	779.0	62.0	3.0	-1.0	3
0	778.0	65.0	2.0	0.0	3
0	778.0	67.0	-2.0	3.0	-1
0	781.0	65.0	3.0	0.0	3
0	781.0	68.0	2.0	-3.0	3
0	778.0	70.0	1.0	-3.0	3
0	775.0	71.0	-1.0	3.0	-1
0	778.0	70.0	-1.0	-2.0	3
0	776.0	69.0	-3.0	0.0	-1
0	776.0	66.0	2.0	1.0	3
0	777.0	68.0	3.0	-3.0	3
0	774.0	71.0	2.0	3.0	-1
0	777.0	73.0	3.0	1.0	3
0	778.0	76.0	3.0	3.0	-1
0	781.0	79.0	0.0	3.0	-1
0	784.0	79.0	1.0	2.0	-1
0	786.0	80.0	-2.0	-1.0	-1
0	785.0	78.0	3.0	0.0	3
0	785.0	81.0	3.0	0.0	3
0	785.0	84.0	1.0	-3.0	3
0	782.0	85.0	1.0	-3.0	3
0	779.0	86.0	-3.0	1.0	-1
0	780.0	83.0	2.0	-2.0	3
0	778.0	85.0	3.0	-2.0	3
0	776.0	88.0	3.0	0.0	3
0	776.0	91.0	-1.0	3.0	-1
0	779.0	90.0	3.0	-1.0	3
0	778.0	93.0	-2.0	-2.0	3
0	776.0	91.0	3.0	0.0	3
0	776.0	94.0	-3.0	-2.0	3
0	774.0	91.0	-2.0	1.0	-1
0	775.0	89.0	0.0	2.0	-1
0	777.0	89.0	0.0	2.0	-1
0	779.0	89.0	0.0	1.0	-1
0	780.0	89.0	1.0	0.0	3
0	780.0	90.0	-3.0	1.0	-1
0	781.0	87.0	1.0	3.0	-1
0	784.0	88.0	2.0	2.0	-1
0	786.0	90.0	3.0	-3.0	3
0	783.0	93.0	2.0	0.0	3
0	783.0	95.0	-3.0	0.0	-1
0	783.0	92.0	-2.0	-2.0	3
0	781.0	90.0	2.0	-3.0	3
0	778.0	92.0	-1.0	-2.0	3
0	776.0	91.0	-1.0	2.0	-1
0	778.0	90.0	3.0	1.0	3
0	779.0	93.0	3.0	2.0	-1
0	781.0	96.0	0.0	0.0	-1
0	781.0	96.0	0.0	-3.0	3
0	778.0	96.0	-2.0	-2.0	3
0	776.0	94.0	-2.0	-1.0	3
0	775.0	92.0	2.0	-3.0	3
0	772.0	94.0	2.0	-3.0	3
0	769.0	96.0	3.0	0.0	3
0	769.0	99.0	-1.0	1.0	-1
0	770.0	98.0	-1.0	0.0	-1
0	770.0	97.0	2.0	2.0	-1
0	772.0	99.0	2.0	2.0	-1
0	774.0	101.0	3.0	2.0	-1
0	776.0	104.0	1.0	0.0	-1
0	776.0	105.0	-2.0	-1.0	3
0	775.0	103.0	1.0	0.0	3
0	775.0	104.0	-2.0	3.0	-1
0	778.0	102.0	-3.0	-2.0	3
0	776.0	99.0	-1.0	0.0	-1
0	776.0	98.0	2.0	0.0	3
0	776.0	100.0	-1.0	0.0	-1
0	776.0	99.0	0.0	-3.0	3
0	773.0	99.0	-2.0	2.0	-1
0	775.0	97.0	-3.0	-3.0	3
0	772.0	94.0	3.0	-1.0	3
0	771.0	97.0	-2.0	0.0	-1
0	771.0	95.0	1.0	-1.0	3
0	770.0	96.0	1.0	3.0	-1
0	773.0	97.0	3.0	1.0	-1
0	774.0	100.0	0.0	-3.0	3
0	771.0	100.0	-3.0	-1.0	3
0	770.0	97.0	3.0	-1.0	3
0	769.0	100.0	-1.0	-2.0	3
0	767.0	99.0	-1.0	-2.0	3
0	765.0	98.0	0.0	0.0	-1
0	765.0	98.0	2.0	0.0	3
0	765.0	100.0	-2.0	-3.0	3
0	762.0	98.0	0.0	-1.0	3
0	761.0	98.0	0.0	1.0	-1
0	762.0	98.0	0.0	2.0	-1
0	764.0	98.0	-1.0	0.0	-1
0	764.0	97.0	-2.0	3.0	-1
0	767.0	95.0	0.0	-3.0	3
0	764.0	95.0	1.0	1.0	-1
0	765.0	96.0	0.0	-1.0	3
0	764.0	96.0	-2.0	0.0	-1
0	764.0	94.0	3.0	1.0	3
0	765.0	97.0	3.0	0.0	3
0	765.0	100.0	-1.0	-3.0	3
0	762.0	99.0	-3.0	-3.0	3
0	759.0	96.0	0.0	-3.0	3
0	756.0	96.0	-1.0	-2.0	3
0	754.0	95.0	-3.0	2.0	-1
0	756.0	92.0	-1.0	1.0	-1
0	757.0	91.0	0.0	0.0	-1
0	757.0	91.0	1.0	-3.0	3
0	754.0	92.0	-2.0	0.0	-1
0	754.0	90.0	0.0	0.0	-1
0	754.0	90.0	0.0	-2.0	3
0	752.0	90.0	0.0	-3.0	3
0	749.0	90.0	2.0	-2.0	3
0	747.0	92.0	-2.0	-2.0	-1
0	745.0	90.0	-1.0	0.0	-1
0	745.0	89.0	0.0	3.0	-1
0	748.0	89.0	-1.0	-2.0	-1
0	746.0	88.0	3.0	-2.0	3
0	744.0	91.0	3.0	-3.0	3
0	741.0	94.0	2.0	1.0	3
0	742.0	96.0	2.0	-2.0	3
0	740.0	98.0	-3.0	2.0	-1
0	742.0	95.0	-3.0	-3.0	-1
0	739.0	92.0	0.0	-1.0	-1
0	738.0	92.0	1.0	-1.0	3
0	737.0	93.0	-1.0	-3.0	-1
0	734.0	92.0	0.0	-3.0	-1
0	731.0	92.0	-3.0	0.0	-1
0	731.0	89.0	-3.0	-3.0	-1
0	728.0	86.0	2.0	2.0	3
0	730.0	88.0	2.0	-3.0	-1
0	727.0	90.0	-1.0	3.0	3
0	730.0	89.0	-1.0	-3.0	-1
0	727.0	88.0	2.0	1.0	3
0	728.0	90.0	-1.0	3.0	3
0	731.0	89.0	1.0	0.0	3
0	731.0	90.0	-2.0	-2.0	-1
0	729.0	88.0	0.0	2.0	3
0	731.0	88.0	2.0	2.0	3
0	733.0	90.0	3.0	0.0	3
0	733.0	93.0	3.0	-1.0	3
0	732.0	96.0	-3.0	0.0	-1
0	732.0	93.0	3.0	-2.0	3
0	730.0	96.0	1.0	1.0	3
0	731.0	97.0	3.0	0.0	3
0	731.0	100.0	3.0	2.0	3
0	733.0	103.0	2.0	-3.0	-1
0	730.0	105.0	-3.0	-2.0	-1
0	728.0	102.0	2.0	-2.0	-1
0	726.0	104.0	-3.0	-2.0	-1
0	724.0	101.0	-2.0	0.0	-1
0	724.0	99.0	-1.0	0.0	-1
0	724.0	98.0	1.0	2.0	3
0	726.0	99.0	3.0	3.0	3
0	729.0	102.0	3.0	0.0	3
0	729.0	105.0	1.0	1.0	3
0	730.0	106.0	-1.0	-3.0	-1
0	727.0	105.0	3.0	-2.0	-1
0	725.0	108.0	-1.0	-2.0	-1
0	723.0	107.0	-2.0	-1.0	-1
0	722.0	105.0	2.0	0.0	-1
0	722.0	107.0	1.0	2.0	3
0	724.0	108.0	-3.0	-1.0	-1
0	723.0	105.0	2.0	-1.0	-1
0	722.0	107.0	1.0	-3.0	-1
0	719.0	108.0	-2.0	0.0	3
0	719.0	106.0	0.0	-2.0	-1
0	717.0	106.0	0.0	-3.0	-1
0	714.0	106.0	1.0	-2.0	-1
0	712.0	107.0	-1.0	0.0	3
0	712.0	106.0	0.0	1.0	3
0	713.0	106.0	-2.0	-3.0	-1
0	710.0	104.0	0.0	-3.0	-1
0	707.0	104.0	-1.0	0.0	-1
0	707.0	103.0	3.0	-3.0	-1
0	704.0	106.0	1.0	-3.0	-1
0	701.0	107.0	1.0	3.0	3
0	704.0	108.0	3.0	0.0	-1
0	704.0	111.0	3.0	1.0	3
0	705.0	114.0	1.0	-1.0	-1
0	704.0	115.0	-2.0	-3.0	-1
0	701.0	113.0	2.0	-2.0	-1
0	699.0	115.0	-2.0	-1.0	-1
0	698.0	113.0	1.0	-3.0	-1
0	695.0	114.0	1.0	-2.0	-1
0	693.0	115.0	-1.0	-3.0	-1
0	690.0	114.0	-1.0	2.0	3
0	692.0	113.0	3.0	1.0	3
0	693.0	116.0	3.0	-2.0	-1
0	691.0	119.0	-1.0	-2.0	-1
0	689.0	118.0	1.0	0.0	-1
0	689.0	119.0	0.0	-1.0	-1
0	688.0	119.0	-2.0	0.0	3
0	688.0	117.0	0.0	2.0	3
0	690.0	117.0	-3.0	-1.0	-1
0	689.0	114.0	3.0	3.0	3
0	692.0	117.0	1.0	-3.0	-1
0	689.0	118.0	1.0	0.0	-1
0	689.0	119.0	0.0	-1.0	-1
0	688.0	119.0	-1.0	-2.0	-1
0	686.0	118.0	-1.0	3.0	3
0	689.0	117.0	1.0	-3.0	-1
0	686.0	118.0	0.0	-2.0	-1
0	684.0	118.0	3.0	-1.0	-1
0	683.0	121.0	3.0	0.0	-1
0	683.0	124.0	-3.0	2.0	3
0	685.0	121.0	3.0	0.0	-1
0	685.0	124.0	-1.0	-3.0	-1
0	682.0	123.0	-2.0	2.0	3
0	684.0	121.0	-2.0	-1.0	-1
0	683.0	119.0	3.0	-3.0	-1
0	680.0	122.0	-2.0	1.0	3
0	681.0	120.0	3.0	-2.0	-1
0	679.0	123.0	1.0	1.0	3
0	680.0	124.0	1.0	-2.0	-1
0	678.0	125.0	2.0	-1.0	-1
0	677.0	127.0	2.0	1.0	3
0	678.0	129.0	-1.0	0.0	3
0	678.0	128.0	-2.0	-2.0	-1
0	676.0	126.0	2.0	-3.0	-1
0	673.0	128.0	-2.0	-2.0	-1
0	671.0	126.0	-2.0	2.0	3
0	673.0	124.0	-2.0	0.0	3
0	673.0	122.0	-3.0	-2.0	-1
0	671.0	119.0	1.0	-2.0	-1
0	669.0	120.0	-3.0	-3.0	-1
0	666.0	117.0	2.0	-2.0	-1
0	664.0	119.0	-3.0	-3.0	-1
0	661.0	116.0	1.0	-1.0	-1
0	660.0	117.0	-3.0	2.0	3
0	662.0	114.0	1.0	3.0	3
0	665.0	115.0	-2.0	1.0	3
0	666.0	113.0	3.0	3.0	3
0	669.0	116.0	-3.0	-2.0	-1
0	667.0	113.0	3.0	3.0	3
0	670.0	116.0	3.0	3.0	3
0	673.0	119.0	-1.0	-2.0	-1
0	671.0	118.0	2.0	1.0	3
0	672.0	120.0	-3.0	-3.0	-1
0	669.0	117.0	-1.0	0.0	3
0	669.0	116.0	0.0	-1.0	-1
0	668.0	116.0	-2.0	-2.0	-1
0	666.0	114.0	1.0	1.0	3
0	667.0	115.0	-2.0	3.0	3
0	670.0	113.0	3.0	-2.0	-1
0	668.0	116.0	1.0	3.0	3
0	671.0	117.0	3.0	-1.0	-1
0	670.0	120.0	0.0	-1.0	-1
0	669.0	120.0	2.0	-1.0	-1
0	668.0	122.0	2.0	-3.0	-1
0	665.0	124.0	-3.0	0.0	3
0	665.0	121.0	-1.0	1.0	3
0	666.0	120.0	2.0	-2.0	-1
0	664.0	122.0	3.0	-3.0	-1
0	661.0	125.0	0.0	1.0	3
0	662.0	125.0	1.0	-1.0	-1
0	661.0	126.0	-1.0	1.0	3
0	662.0	125.0	1.0	-2.0	-1
0	660.0	126.0	1.0	-1.0	-1
0	659.0	127.0	-2.0	-3.0	-1
0	656.0	125.0	-3.0	-2.0	-1
0	654.0	122.0	-2.0	-3.0	-1
0	651.0	120.0	-3.0	1.0	3
0	652.0	117.0	-2.0	-2.0	-1
0	650.0	115.0	2.0	-3.0	-1
0	647.0	117.0	-2.0	-3.0	-1
0	644.0	115.0	0.0	1.0	3
0	645.0	115.0	0.0	3.0	3
0	648.0	115.0	-1.0	-1.0	-1
0	647.0	114.0	-3.0	-2.0	-1
0	645.0	111.0	3.0	3.0	3
0	648.0	114.0	1.0	-3.0	-1
0	645.0	115.0	3.0	1.0	3
0	646.0	118.0	2.0	1.0	3
0	647.0	120.0	1.0	-1.0	-1
0	646.0	121.0	0.0	0.0	-1
0	646.0	121.0	0.0	0.0	-1
0	646.0	121.0	2.0	3.0	3
0	649.0	123.0	-1.0	-3.0	-1
0	646.0	122.0	0.0	-3.0	-1
0	643.0	122.0	1.0	3.0	3
0	646.0	123.0	1.0	-1.0	-1
0	645.0	124.0	-2.0	-2.0	-1
0	643.0	122.0	2.0	3.0	3
0	646.0	124.0	-1.0	0.0	3
0	646.0	123.0	-3.0	-2.0	-1
0	644.0	120.0	-1.0	-1.0	-1
0	643.0	119.0	-1.0	-1.0	-1
0	642.0	118.0	2.0	1.0	3
0	643.0	120.0	0.0	2.0	3
0	645.0	120.0	2.0	-2.0	-1
0	643.0	122.0	-1.0	-2.0	-1
0	641.0	121.0	1.0	1.0	3
0	642.0	122.0	3.0	1.0	3
0	643.0	125.0	-3.0	-3.0	-1
0	640.0	122.0	-1.0	3.0	3
0	643.0	121.0	0.0	-3.0	-1
0	640.0	121.0	1.0	3.0	3
0	643.0	122.0	-1.0	0.0	3
0	643.0	121.0	3.0	-3.0	-1
0	640.0	124.0	1.0	0.0	-1
0	640.0	125.0	0.0	2.0	3
0	642.0	125.0	3.0	1.0	3
0	643.0	128.0	1.0	0.0	-1
0	643.0	129.0	-2.0	1.0	3
0	644.0	127.0	3.0	-3.0	-1
0	641.0	130.0	2.0	-1.0	-1
0	640.0	132.0	-1.0	3.0	3
0	643.0	131.0	3.0	-2.0	-1
0	641.0	134.0	3.0	0.0	-1
0	641.0	137.0	1.0	3.0	3
0	644.0	138.0	-2.0	-2.0	-1
0	642.0	136.0	-3.0	-2.0	-1
0	640.0	133.0	-1.0	3.0	3
0	643.0	132.0	-2.0	3.0	3
0	646.0	130.0	0.0	3.0	3
0	649.0	130.0	-2.0	1.0	3
0	650.0	128.0	-1.0	3.0	3
0	653.0	127.0	1.0	-2.0	-1
0	651.0	128.0	0.0	-3.0	-1
0	648.0	128.0	1.0	-1.0	-1
0	647.0	129.0	-3.0	-2.0	-1
0	645.0	126.0	-2.0	-1.0	-1
0	644.0	124.0	-2.0	3.0	3
0	647.0	122.0	2.0	-1.0	-1
0	646.0	124.0	-3.0	-2.0	-1
0	644.0	121.0	1.0	3.0	3
0	647.0	122.0	-1.0	1.0	3
0	648.0	121.0	0.0	0.0	-1
0	648.0	121.0	3.0	3.0	3
0	651.0	124.0	-3.0	-3.0	-1
0	648.0	121.0	1.0	2.0	3
0	650.0	122.0	3.0	0.0	-1
0	650.0	125.0	3.0	-3.0	-1
0	647.0	128.0	2.0	-2.0	-1
0	645.0	130.0	2.0	-2.0	-1
0	643.0	132.0	0.0	0.0	-1
0	643.0	132.0	-1.0	0.0	3
0	643.0	131.0	1.0	1.0	3
0	644.0	132.0	1.0	3.0	3
0	647.0	133.0	3.0	1.0	3
0	648.0	136.0	2.0	2.0	3
0	650.0	138.0	0.0	2.0	3
0	652.0	138.0	1.0	3.0	3
0	655.0	139.0	-1.0	2.0	3
0	657.0	138.0	2.0	-2.0	-1
0	655.0	140.0	3.0	3.0	3
0	658.0	143.0	1.0	3.0	3
0	661.0	144.0	-1.0	0.0	3
0	661.0	143.0	3.0	0.0	-1
0	661.0	146.0	-1.0	1.0	3
0	662.0	145.0	3.0	3.0	3
0	665.0	148.0	-2.0	-3.0	-1
0	662.0	146.0	2.0	-1.0	-1
0	661.0	148.0	-1.0	2.0	3
0	663.0	147.0	0.0	2.0	3
0	665.0	147.0	-1.0	-1.0	-1
0	664.0	146.0	-1.0	0.0	3
0	664.0	145.0	1.0	-2.0	-1
0	662.0	146.0	-1.0	3.0	3
0	665.0	145.0	-2.0	2.0	3
0	667.0	143.0	-1.0	0.0	3
0	667.0	142.0	-3.0	2.0	3
0	669.0	139.0	3.0	1.0	-1
0	670.0	142.0	-2.0	-2.0	-1
0	668.0	140.0	2.0	-1.0	-1
0	667.0	142.0	1.0	-2.0	-1
0	665.0	143.0	1.0	1.0	3
0	666.0	144.0	-1.0	-1.0	-1
0	665.0	143.0	-3.0	1.0	3
0	666.0	140.0	1.0	-3.0	-1
0	663.0	141.0	-2.0	-1.0	-1
0	662.0	139.0	0.0	0.0	-1
0	662.0	139.0	0.0	0.0	-1
0	662.0	139.0	1.0	3.0	3
0	665.0	140.0	0.0	-2.0	-1
0	663.0	140.0	2.0	2.0	3
0	665.0	142.0	-2.0	3.0	3
0	668.0	140.0	3.0	2.0	3
0	670.0	143.0	-2.0	1.0	3
0	671.0	141.0	2.0	-3.0	-1
0	668.0	143.0	-1.0	-1.0	-1
0	667.0	142.0	0.0	1.0	3
0	668.0	142.0	-1.0	-2.0	-1
0	666.0	141.0	-1.0	2.0	3
0	668.0	140.0	-2.0	-3.0	-1
0	665.0	138.0	3.0	-3.0	-1
0	662.0	141.0	3.0	0.0	-1
0	662.0	144.0	3.0	3.0	3
0	665.0	147.0	-3.0	2.0	3
0	667.0	144.0	-3.0	1.0	3
0	668.0	141.0	3.0	-3.0	-1
0	665.0	144.0	0.0	2.0	3
0	667.0	144.0	1.0	-1.0	-1
0	666.0	145.0	3.0	1.0	-1
0	667.0	148.0	-3.0	3.0	3
0	670.0	145.0	1.0	1.0	3
0	671.0	146.0	0.0	1.0	3
0	672.0	146.0	3.0	-2.0	-1
0	670.0	149.0	1.0	3.0	3
0	673.0	150.0	-1.0	-3.0	-1
0	670.0	149.0	1.0	-3.0	-1
0	667.0	150.0	1.0	2.0	3
0	669.0	151.0	1.0	-1.0	-1
0	668.0	152.0	-2.0	-3.0	-1
0	665.0	150.0	0.0	2.0	3
0	667.0	150.0	1.0	3.0	3
0	670.0	151.0	0.0	-3.0	-1
0	667.0	151.0	-1.0	-1.0	-1
0	666.0	150.0	3.0	0.0	-1
0	666.0	153.0	-3.0	0.0	3
0	666.0	150.0	-2.0	1.0	3
0	667.0	148.0	3.0	1.0	-1
0	668.0	151.0	2.0	2.0	3
0	670.0	153.0	2.0	2.0	3
0	672.0	155.0	-1.0	2.0	3
0	674.0	154.0	3.0	-3.0	-1
0	671.0	157.0	-3.0	1.0	3
0	672.0	154.0	3.0	3.0	3
0	675.0	157.0	0.0	3.0	3
0	678.0	157.0	1.0	3.0	3
0	681.0	158.0	0.0	-3.0	-1
0	678.0	158.0	-2.0	1.0	3
0	679.0	156.0	3.0	1.0	-1
0	680.0	159.0	1.0	-1.0	-1
0	679.0	160.0	1.0	1.0	3
0	680.0	161.0	1.0	0.0	-1
0	680.0	162.0	1.0	3.0	3
0	683.0	163.0	1.0	2.0	3
0	685.0	164.0	-1.0	3.0	3
0	688.0	163.0	2.0	3.0	3
0	691.0	165.0	-2.0	-1.0	3
0	690.0	163.0	-3.0	0.0	3
0	690.0	160.0	3.0	0.0	-1
0	690.0	163.0	2.0	1.0	-1
0	691.0	165.0	3.0	-1.0	-1
0	690.0	168.0	0.0	-2.0	-1
0	688.0	168.0	-1.0	1.0	3
0	689.0	167.0	-1.0	-1.0	3
0	688.0	166.0	-2.0	-1.0	3
0	687.0	164.0	-2.0	1.0	3
0	688.0	162.0	0.0	-1.0	-1
0	687.0	162.0	-1.0	-2.0	-1
0	685.0	161.0	1.0	1.0	-1
0	686.0	162.0	-3.0	3.0	3
0	689.0	159.0	0.0	3.0	3
0	692.0	159.0	3.0	3.0	-1
0	695.0	162.0	-1.0	1.0	3
0	696.0	161.0	0.0	2.0	3
0	698.0	161.0	-3.0	0.0	3
0	698.0	158.0	1.0	-3.0	-1
0	695.0	159.0	0.0	3.0	3
0	698.0	159.0	-2.0	-3.0	-1
0	695.0	157.0	1.0	3.0	3
0	698.0	158.0	-1.0	1.0	3
0	699.0	157.0	0.0	3.0	3
0	702.0	157.0	0.0	-3.0	-1
0	699.0	157.0	3.0	-1.0	-1
0	698.0	160.0	-2.0	0.0	3
0	698.0	158.0	-3.0	-3.0	3
0	695.0	155.0	0.0	1.0	3
0	696.0	155.0	2.0	2.0	-1
0	698.0	157.0	3.0	-3.0	-1
0	695.0	160.0	0.0	0.0	-1
0	695.0	160.0	3.0	2.0	-1
0	697.0	163.0	1.0	1.0	-1
0	698.0	164.0	-2.0	0.0	3
0	698.0	162.0	3.0	0.0	-1
0	698.0	165.0	-2.0	3.0	3
0	701.0	163.0	1.0	-3.0	-1
0	698.0	164.0	-3.0	2.0	3
0	700.0	161.0	3.0	1.0	-1
0	701.0	164.0	-2.0	0.0	3
0	701.0	162.0	-2.0	0.0	3
0	701.0	160.0	-2.0	-1.0	3
0	700.0	158.0	3.0	-1.0	-1
0	699.0	161.0	2.0	-3.0	-1
0	696.0	163.0	2.0	1.0	-1
0	697.0	165.0	0.0	2.0	3
0	699.0	165.0	-2.0	-3.0	-1
0	696.0	163.0	-2.0	-1.0	3
0	695.0	161.0	0.0	1.0	3
0	696.0	161.0	3.0	1.0	-1
0	697.0	164.0	1.0	-3.0	-1
0	694.0	165.0	3.0	-2.0	-1
0	692.0	168.0	-1.0	-3.0	-1
0	689.0	167.0	-2.0	-2.0	3
0	687.0	165.0	1.0	3.0	3
0	690.0	166.0	-1.0	-1.0	3
0	689.0	165.0	-3.0	2.0	3
0	691.0	162.0	-3.0	-1.0	3
0	690.0	159.0	3.0	-1.0	-1
0	689.0	162.0	-3.0	-1.0	3
0	688.0	159.0	0.0	1.0	3
0	689.0	159.0	-1.0	-2.0	-1
0	687.0	158.0	-3.0	3.0	3
0	690.0	155.0	1.0	2.0	3
0	692.0	156.0	3.0	0.0	-1
0	692.0	159.0	3.0	3.0	-1
0	695.0	162.0	-1.0	3.0	3
0	698.0	161.0	-3.0	3.0	3
0	701.0	158.0	2.0	1.0	-1
0	702.0	160.0	0.0	-2.0	-1
0	700.0	160.0	1.0	-3.0	-1
0	697.0	161.0	-1.0	3.0	3
0	700.0	160.0	-1.0	3.0	3
0	703.0	159.0	3.0	3.0	-1
0	706.0	162.0	0.0	2.0	3
0	708.0	162.0	-2.0	2.0	3
0	710.0	160.0	-3.0	-2.0	3
0	708.0	157.0	1.0	-3.0	-1
0	705.0	158.0	-3.0	0.0	3
0	705.0	155.0	3.0	1.0	-1
0	706.0	158.0	-2.0	-1.0	3
0	705.0	156.0	3.0	3.0	-1
0	708.0	159.0	2.0	-1.0	-1
0	707.0	161.0	0.0	-2.0	-1
0	705.0	161.0	3.0	-3.0	-1
0	702.0	164.0	-3.0	3.0	3
0	705.0	161.0	-3.0	1.0	3
0	706.0	158.0	-1.0	-2.0	-1
0	704.0	157.0	-3.0	0.0	3
0	704.0	154.0	-2.0	3.0	3
0	707.0	152.0	1.0	-1.0	-1
0	706.0	153.0	0.0	-1.0	-1
0	705.0	153.0	-2.0	2.0	3
0	707.0	151.0	1.0	-3.0	-1
0	704.0	152.0	2.0	-2.0	-1
0	702.0	154.0	2.0	2.0	-1
0	704.0	156.0	3.0	-2.0	-1
0	702.0	159.0	-3.0	3.0	3
0	705.0	156.0	-2.0	2.0	3
0	707.0	154.0	1.0	3.0	3
0	710.0	155.0	-1.0	2.0	3
0	712.0	154.0	3.0	0.0	-1
0	712.0	157.0	3.0	-3.0	-1
0	709.0	160.0	0.0	-1.0	-1
0	708.0	160.0	-3.0	0.0	3
0	708.0	157.0	0.0	0.0	-1
1	766.0	892.0	0.0	3.0	3
1	769.0	892.0	1.0	3.0	-1
1	772.0	893.0	-2.0	-3.0	-1
1	769.0	891.0	0.0	-1.0	3
1	768.0	891.0	3.0	-3.0	3
1	765.0	894.0	-3.0	-1.0	-1
1	764.0	891.0	-2.0	-2.0	-1
1	762.0	889.0	2.0	2.0	3
1	764.0	891.0	1.0	2.0	3
1	766.0	892.0	-3.0	1.0	-1
1	767.0	889.0	0.0	-3.0	3
1	764.0	889.0	-1.0	0.0	-1
1	764.0	888.0	2.0	-1.0	3
1	763.0	890.0	1.0	-1.0	3
1	762.0	891.0	2.0	3.0	3
1	765.0	893.0	-2.0	0.0	-1
1	765.0	891.0	1.0	0.0	3
1	765.0	892.0	3.0	1.0	3
1	766.0	895.0	0.0	0.0	-1
1	766.0	895.0	1.0	0.0	3
1	766.0	896.0	3.0	3.0	3
1	769.0	899.0	3.0	-2.0	3
1	767.0	902.0	0.0	1.0	-1
1	768.0	902.0	2.0	3.0	3
1	771.0	904.0	-3.0	-3.0	-1
1	768.0	901.0	3.0	0.0	3
1	768.0	904.0	3.0	2.0	3
1	770.0	907.0	2.0	1.0	3
1	771.0	909.0	-1.0	0.0	-1
1	771.0	908.0	1.0	2.0	-1
1	773.0	909.0	3.0	-3.0	3
1	770.0	912.0	-1.0	-3.0	3
1	767.0	911.0	3.0	0.0	3
1	767.0	914.0	-2.0	2.0	-1
1	769.0	912.0	3.0	1.0	3
1	770.0	915.0	3.0	3.0	-1
1	773.0	918.0	3.0	0.0	3
1	773.0	921.0	-3.0	-3.0	3
1	770.0	918.0	-3.0	1.0	-1
1	771.0	915.0	-3.0	0.0	-1
1	771.0	912.0	2.0	-2.0	3
1	769.0	914.0	-2.0	0.0	-1
1	769.0	912.0	0.0	-1.0	3
1	768.0	912.0	-3.0	1.0	-1
1	769.0	909.0	3.0	3.0	3
1	772.0	912.0	-1.0	-2.0	3
1	770.0	911.0	3.0	3.0	3
1	773.0	914.0	-3.0	3.0	-1
1	776.0	911.0	3.0	3.0	-1
1	779.0	914.0	2.0	-2.0	3
1	777.0	916.0	-3.0	-1.0	-1
1	776.0	913.0	1.0	2.0	-1
1	778.0	914.0	2.0	2.0	-1
1	780.0	916.0	0.0	-1.0	3
1	779.0	916.0	2.0	-2.0	3
1	777.0	918.0	-3.0	-3.0	3
1	774.0	915.0	2.0	2.0	-1
1	776.0	917.0	0.0	-3.0	3
1	773.0	917.0	-2.0	1.0	-1
1	774.0	915.0	2.0	3.0	-1
1	777.0	917.0	-3.0	-3.0	3
1	774.0	914.0	2.0	1.0	3
1	775.0	916.0	-1.0	0.0	-1
1	775.0	915.0	3.0	-1.0	3
1	774.0	918.0	-1.0	-2.0	3
1	772.0	917.0	1.0	2.0	-1
1	774.0	918.0	2.0	3.0	-1
1	777.0	920.0	-1.0	1.0	-1
1	778.0	919.0	2.0	3.0	-1
1	781.0	921.0	2.0	-2.0	3
1	779.0	923.0	0.0	-2.0	3
1	777.0	923.0	1.0	-2.0	3
1	775.0	924.0	1.0	2.0	-1
1	777.0	925.0	-2.0	-1.0	-1
1	776.0	923.0	-2.0	2.0	-1
1	778.0	921.0	-2.0	0.0	-1
1	778.0	919.0	3.0	-2.0	3
1	776.0	922.0	-2.0	-2.0	3
1	774.0	920.0	-3.0	-1.0	-1
1	773.0	917.0	-3.0	2.0	-1
1	775.0	914.0	0.0	-2.0	3
1	773.0	914.0	2.0	-2.0	3
1	771.0	916.0	-2.0	2.0	-1
1	773.0	914.0	2.0	-3.0	3
1	770.0	916.0	1.0	0.0	3
1	770.0	917.0	3.0	0.0	3
1	770.0	920.0	2.0	-3.0	3
1	767.0	922.0	0.0	0.0	-1
1	767.0	922.0	3.0	-3.0	3
1	764.0	925.0	1.0	2.0	-1
1	766.0	926.0	3.0	-3.0	3
1	763.0	929.0	1.0	3.0	-1
1	766.0	930.0	3.0	0.0	3
1	766.0	933.0	3.0	0.0	3
1	766.0	936.0	3.0	0.0	3
1	766.0	939.0	-3.0	-1.0	3
1	765.0	936.0	1.0	-3.0	3
1	762.0	937.0	-2.0	3.0	-1
1	765.0	935.0	-1.0	3.0	-1
1	768.0	934.0	1.0	-3.0	3
1	765.0	935.0	2.0	-3.0	3
1	762.0	937.0	-2.0	-3.0	3
1	759.0	935.0	-2.0	-1.0	-1
1	758.0	933.0	-2.0	-2.0	3
1	756.0	931.0	-3.0	-2.0	-1
1	754.0	928.0	-3.0	3.0	-1
1	757.0	925.0	-2.0	2.0	-1
1	759.0	923.0	2.0	-2.0	3
1	757.0	925.0	-2.0	2.0	-1
1	759.0	923.0	0.0	3.0	-1
1	762.0	923.0	2.0	1.0	3
1	763.0	925.0	-1.0	-1.0	-1
1	762.0	924.0	-2.0	-3.0	3
1	759.0	922.0	-3.0	1.0	-1
1	760.0	919.0	1.0	-1.0	3
1	759.0	920.0	0.0	3.0	-1
1	762.0	920.0	-2.0	-3.0	-1
1	759.0	918.0	-3.0	2.0	-1
1	761.0	915.0	-3.0	-1.0	-1
1	760.0	912.0	-2.0	0.0	-1
1	760.0	910.0	2.0	3.0	3
1	763.0	912.0	1.0	-3.0	3
1	760.0	913.0	3.0	2.0	3
1	762.0	916.0	-3.0	1.0	-1
1	763.0	913.0	-2.0	-1.0	-1
1	762.0	911.0	1.0	1.0	3
1	763.0	912.0	3.0	2.0	3
1	765.0	915.0	1.0	-3.0	3
1	762.0	916.0	0.0	2.0	-1
1	764.0	916.0	3.0	-2.0	3
1	762.0	919.0	-1.0	0.0	-1
1	762.0	918.0	2.0	3.0	-1
1	765.0	920.0	-1.0	-2.0	3
1	763.0	919.0	3.0	3.0	3
1	766.0	922.0	1.0	-3.0	3
1	763.0	923.0	-2.0	-3.0	3
1	760.0	921.0	0.0	-2.0	3
1	758.0	921.0	-1.0	3.0	-1
1	761.0	920.0	-1.0	-3.0	3
1	758.0	919.0	3.0	-3.0	3
1	755.0	922.0	0.0	3.0	-1
1	758.0	922.0	-1.0	3.0	-1
1	761.0	921.0	0.0	3.0	-1
1	764.0	921.0	-3.0	2.0	-1
1	766.0	918.0	-3.0	2.0	-1
1	768.0	915.0	-1.0	2.0	-1
1	770.0	914.0	-2.0	0.0	-1
1	770.0	912.0	-1.0	2.0	-1
1	772.0	911.0	-3.0	2.0	-1
1	774.0	908.0	-2.0	3.0	-1
1	777.0	906.0	-1.0	-3.0	3
1	774.0	905.0	2.0	2.0	3
1	776.0	907.0	3.0	3.0	3
1	779.0	910.0	-1.0	-3.0	3
1	776.0	909.0	1.0	-1.0	3
1	775.0	910.0	1.0	1.0	3
1	776.0	911.0	0.0	-1.0	3
1	775.0	911.0	2.0	3.0	-1
1	778.0	913.0	-1.0	2.0	-1
1	780.0	912.0	0.0	0.0	-1
1	780.0	912.0	0.0	2.0	-1
1	782.0	912.0	1.0	-1.0	3
1	781.0	913.0	-3.0	3.0	-1
1	784.0	910.0	-3.0	3.0	-1
1	787.0	907.0	2.0	-2.0	3
1	785.0	909.0	-3.0	-1.0	-1
1	784.0	906.0	-1.0	-1.0	3
1	783.0	905.0	-1.0	3.0	-1
1	786.0	904.0	2.0	1.0	3
1	787.0	906.0	-2.0	2.0	-1
1	789.0	904.0	1.0	0.0	3
1	789.0	905.0	-3.0	1.0	-1
1	790.0	902.0	-1.0	0.0	-1
1	790.0	901.0	-2.0	0.0	-1
1	790.0	899.0	-2.0	1.0	-1
1	791.0	897.0	3.0	-2.0	3
1	789.0	900.0	-1.0	2.0	-1
1	791.0	899.0	-2.0	3.0	-1
1	794.0	897.0	-3.0	0.0	-1
1	794.0	894.0	0.0	0.0	-1
1	794.0	894.0	-3.0	3.0	-1
1	797.0	891.0	1.0	2.0	-1
1	799.0	892.0	-2.0	1.0	-1
1	800.0	890.0	0.0	-1.0	3
1	799.0	890.0	0.0	-3.0	3
1	796.0	890.0	0.0	1.0	-1
1	797.0	890.0	-3.0	-3.0	-1
1	794.0	887.0	-1.0	2.0	-1
1	796.0	886.0	-1.0	-3.0	3
1	793.0	885.0	-3.0	2.0	-1
1	795.0	882.0	2.0	1.0	3
1	796.0	884.0	0.0	2.0	-1
1	798.0	884.0	2.0	1.0	3
1	799.0	886.0	-3.0	-2.0	-1
1	797.0	883.0	0.0	2.0	-1
1	799.0	883.0	2.0	-2.0	3
1	797.0	885.0	1.0	2.0	-1
1	799.0	886.0	-2.0	0.0	-1
1	799.0	884.0	1.0	-2.0	3
1	797.0	885.0	-3.0	-2.0	-1
1	795.0	882.0	1.0	-1.0	3
1	794.0	883.0	0.0	2.0	-1
1	796.0	883.0	0.0	-2.0	3
1	794.0	883.0	1.0	2.0	-1
1	796.0	884.0	-3.0	3.0	-1
1	799.0	881.0	-3.0	1.0	-1
1	800.0	878.0	-3.0	0.0	-1
1	800.0	875.0	0.0	-3.0	3
1	797.0	875.0	-2.0	-2.0	-1
1	795.0	873.0	1.0	2.0	-1
1	797.0	874.0	1.0	3.0	-1
1	800.0	875.0	0.0	-2.0	3
1	798.0	875.0	0.0	0.0	-1
1	798.0	875.0	2.0	-1.0	3
1	797.0	877.0	-1.0	3.0	-1
1	800.0	876.0	3.0	-3.0	3
1	797.0	879.0	0.0	-1.0	3
1	796.0	879.0	-1.0	-1.0	-1
1	795.0	878.0	1.0	3.0	-1
1	798.0	879.0	-2.0	1.0	-1
1	799.0	877.0	0.0	-1.0	3
1	798.0	877.0	2.0	-1.0	3
1	797.0	879.0	-1.0	1.0	-1
1	798.0	878.0	-1.0	0.0	-1
1	798.0	877.0	0.0	-3.0	3
1	795.0	877.0	-2.0	2.0	-1
1	797.0	875.0	3.0	0.0	3
1	797.0	878.0	0.0	-2.0	3
1	795.0	878.0	0.0	1.0	-1
1	796.0	878.0	1.0	2.0	-1
1	798.0	879.0	-2.0	1.0	-1
1	799.0	877.0	3.0	-2.0	3
1	797.0	880.0	0.0	-1.0	3
1	796.0	880.0	-2.0	1.0	-1
1	797.0	878.0	-3.0	0.0	-1
1	797.0	875.0	0.0	1.0	-1
1	798.0	875.0	0.0	-2.0	3
1	796.0	875.0	1.0	-1.0	3
1	795.0	876.0	-1.0	0.0	-1
1	795.0	875.0	0.0	2.0	-1
1	797.0	875.0	-2.0	3.0	-1
1	800.0	873.0	-3.0	0.0	-1
1	800.0	870.0	-2.0	-2.0	-1
1	798.0	868.0	1.0	1.0	3
1	799.0	869.0	0.0	0.0	-1
1	799.0	869.0	-3.0	-3.0	-1
1	796.0	866.0	-1.0	-1.0	-1
1	795.0	865.0	1.0	2.0	-1
1	797.0	866.0	1.0	-1.0	3
1	796.0	867.0	-2.0	0.0	-1
1	796.0	865.0	1.0	-1.0	3
1	795.0	866.0	3.0	3.0	3
1	798.0	869.0	-3.0	-1.0	-1
1	797.0	866.0	3.0	2.0	3
1	799.0	869.0	1.0	0.0	3
1	799.0	870.0	1.0	-2.0	3
1	797.0	871.0	1.0	-3.0	3
1	794.0	872.0	1.0	-3.0	3
1	791.0	873.0	3.0	-1.0	3
1	790.0	876.0	-1.0	-2.0	3
1	788.0	875.0	3.0	-3.0	3
1	785.0	878.0	3.0	2.0	3
1	787.0	881.0	2.0	-3.0	3
1	784.0	883.0	3.0	-3.0	3
1	781.0	886.0	-3.0	-3.0	-1
1	778.0	883.0	-2.0	3.0	-1
1	781.0	881.0	-3.0	2.0	-1
1	783.0	878.0	-1.0	-1.0	-1
1	782.0	877.0	3.0	0.0	3
1	782.0	880.0	0.0	-1.0	3
1	781.0	880.0	0.0	0.0	-1
1	781.0	880.0	0.0	1.0	-1
1	782.0	880.0	0.0	2.0	-1
1	784.0	880.0	-3.0	-3.0	-1
1	781.0	877.0	1.0	-1.0	3
1	780.0	878.0	3.0	-2.0	3
1	778.0	881.0	1.0	-2.0	3
1	776.0	882.0	2.0	0.0	3
1	776.0	884.0	3.0	3.0	3
1	779.0	887.0	2.0	-1.0	3
1	778.0	889.0	-2.0	2.0	-1
1	780.0	887.0	-2.0	-2.0	-1
1	778.0	885.0	-3.0	1.0	-1
1	779.0	882.0	2.0	0.0	3
1	779.0	884.0	3.0	2.0	3
1	781.0	887.0	0.0	3.0	-1
1	784.0	887.0	-2.0	-2.0	-1
1	782.0	885.0	0.0	-3.0	3
1	779.0	885.0	-1.0	3.0	-1
1	782.0	884.0	-1.0	-1.0	-1
1	781.0	883.0	-3.0	-2.0	-1
1	779.0	880.0	-1.0	-3.0	3
1	776.0	879.0	1.0	-2.0	3
1	774.0	880.0	-2.0	-1.0	-1
1	773.0	878.0	1.0	-3.0	3
1	770.0	879.0	-3.0	-2.0	-1
1	768.0	876.0	0.0	-3.0	3
1	765.0	876.0	3.0	3.0	3
1	768.0	879.0	-2.0	3.0	-1
1	771.0	877.0	2.0	0.0	3
1	771.0	879.0	-1.0	-3.0	3
1	768.0	878.0	0.0	-3.0	3
1	765.0	878.0	3.0	-1.0	3
1	764.0	881.0	1.0	3.0	3
1	767.0	882.0	-2.0	3.0	-1
1	770.0	880.0	0.0	1.0	-1
1	771.0	880.0	0.0	3.0	-1
1	774.0	880.0	1.0	1.0	3
1	775.0	881.0	3.0	3.0	3
1	778.0	884.0	-3.0	2.0	-1
1	780.0	881.0	0.0	2.0	-1
1	782.0	881.0	0.0	1.0	-1
1	783.0	881.0	0.0	3.0	-1
1	786.0	881.0	1.0	-1.0	3
1	785.0	882.0	1.0	3.0	-1
1	788.0	883.0	-2.0	3.0	-1
1	791.0	881.0	-3.0	-3.0	-1
1	788.0	878.0	-2.0	3.0	-1
1	791.0	876.0	-3.0	-2.0	-1
1	789.0	873.0	2.0	-3.0	3
1	786.0	875.0	2.0	-1.0	3
1	785.0	877.0	2.0	-1.0	3
1	784.0	879.0	0.0	-2.0	3
1	782.0	879.0	2.0	-1.0	3
1	781.0	881.0	-2.0	-2.0	-1
1	779.0	879.0	1.0	-2.0	3
1	777.0	880.0	-1.0	-3.0	3
1	774.0	879.0	-2.0	-3.0	-1
1	771.0	877.0	0.0	-3.0	3
1	768.0	877.0	0.0	1.0	-1
1	769.0	877.0	-1.0	1.0	-1
1	770.0	876.0	-3.0	1.0	-1
1	771.0	873.0	-2.0	2.0	-1
1	773.0	871.0	0.0	-2.0	3
1	771.0	871.0	-1.0	-3.0	-1
1	768.0	870.0	-3.0	-2.0	-1
1	766.0	867.0	1.0	1.0	3
1	767.0	868.0	0.0	-1.0	3
1	766.0	868.0	0.0	-3.0	3
1	763.0	868.0	-2.0	-3.0	-1
1	760.0	866.0	2.0	0.0	3
1	760.0	868.0	-3.0	0.0	-1
1	760.0	865.0	3.0	2.0	3
1	762.0	868.0	-3.0	1.0	-1
1	763.0	865.0	2.0	2.0	3
1	765.0	867.0	-1.0	-3.0	-1
1	762.0	866.0	-2.0	-3.0	-1
1	759.0	864.0	-3.0	2.0	-1
1	761.0	861.0	3.0	1.0	3
1	762.0	864.0	3.0	3.0	3
1	765.0	867.0	0.0	3.0	-1
1	768.0	867.0	-2.0	-1.0	-1
1	767.0	865.0	0.0	0.0	-1
1	767.0	865.0	0.0	-3.0	3
1	764.0	865.0	1.0	2.0	3
1	766.0	866.0	-3.0	-2.0	-1
1	764.0	863.0	3.0	2.0	3
1	766.0	866.0	-1.0	-2.0	-1
1	764.0	865.0	-3.0	1.0	-1
1	765.0	862.0	2.0	0.0	3
1	765.0	864.0	3.0	-1.0	3
1	764.0	867.0	1.0	1.0	3
1	765.0	868.0	-1.0	3.0	-1
1	768.0	867.0	2.0	1.0	3
1	769.0	869.0	-2.0	3.0	-1
1	772.0	867.0	-1.0	-1.0	-1
1	771.0	866.0	-2.0	0.0	-1
1	771.0	864.0	2.0	-1.0	3
1	770.0	866.0	1.0	-3.0	3
1	767.0	867.0	-3.0	-3.0	-1
1	764.0	864.0	0.0	1.0	-1
1	765.0	864.0	0.0	3.0	-1
1	768.0	864.0	0.0	-1.0	3
1	767.0	864.0	1.0	2.0	3
1	769.0	865.0	-2.0	-3.0	-1
1	766.0	863.0	-3.0	0.0	-1
1	766.0	860.0	-3.0	2.0	-1
1	768.0	857.0	2.0	-1.0	3
1	767.0	859.0	-2.0	3.0	-1
1	770.0	857.0	2.0	-2.0	3
1	768.0	859.0	2.0	3.0	3
1	771.0	861.0	-2.0	3.0	-1
1	774.0	859.0	-1.0	-2.0	-1
1	772.0	858.0	-1.0	1.0	-1
1	773.0	857.0	-3.0	-3.0	-1
1	770.0	854.0	0.0	2.0	-1
1	772.0	854.0	1.0	-2.0	3
1	770.0	855.0	-2.0	-3.0	-1
1	767.0	853.0	-2.0	-1.0	-1
1	766.0	851.0	0.0	-3.0	3
1	763.0	851.0	-3.0	-3.0	-1
1	760.0	848.0	-1.0	0.0	-1
1	760.0	847.0	1.0	2.0	3
1	762.0	848.0	1.0	-2.0	3
1	760.0	849.0	1.0	0.0	3
1	760.0	850.0	2.0	-2.0	3
1	758.0	852.0	2.0	1.0	3
1	759.0	854.0	3.0	0.0	3
1	759.0	857.0	1.0	2.0	3
1	761.0	858.0	3.0	2.0	3
1	763.0	861.0	-1.0	0.0	-1
1	763.0	860.0	-1.0	3.0	-1
1	766.0	859.0	0.0	3.0	-1
1	769.0	859.0	-1.0	0.0	-1
1	769.0	858.0	-1.0	2.0	-1
1	771.0	857.0	3.0	-2.0	3
1	769.0	860.0	-1.0	-3.0	-1
1	766.0	859.0	2.0	2.0	3
1	768.0	861.0	-2.0	-2.0	-1
1	766.0	859.0	-3.0	3.0	-1
1	769.0	856.0	-2.0	-2.0	-1
1	767.0	854.0	2.0	-3.0	3
1	764.0	856.0	2.0	-1.0	3
1	763.0	858.0	-1.0	3.0	-1
1	766.0	857.0	0.0	0.0	-1
1	766.0	857.0	-1.0	-1.0	-1
1	765.0	856.0	-2.0	1.0	-1
1	766.0	854.0	0.0	0.0	-1
1	766.0	854.0	0.0	3.0	-1
1	769.0	854.0	2.0	2.0	3
1	771.0	856.0	3.0	2.0	3
1	773.0	859.0	1.0	3.0	-1
1	776.0	860.0	-1.0	2.0	-1
1	778.0	859.0	-2.0	2.0	-1
1	780.0	857.0	2.0	3.0	3
1	783.0	859.0	3.0	1.0	3
1	784.0	862.0	-3.0	-2.0	-1
1	782.0	859.0	-1.0	0.0	-1
1	782.0	858.0	-2.0	-2.0	-1
1	780.0	856.0	1.0	-3.0	3
1	777.0	857.0	2.0	3.0	3
1	780.0	859.0	3.0	0.0	3
1	780.0	862.0	-2.0	-3.0	-1
1	777.0	860.0	2.0	-1.0	3
1	776.0	862.0	-1.0	-3.0	3
1	773.0	861.0	-1.0	-1.0	-1
1	772.0	860.0	0.0	3.0	-1
1	775.0	860.0	1.0	2.0	3
1	777.0	861.0	2.0	-2.0	3
1	775.0	863.0	2.0	1.0	3
1	776.0	865.0	3.0	0.0	3
1	776.0	868.0	-3.0	3.0	-1
1	779.0	865.0	-2.0	-3.0	-1
1	776.0	863.0	3.0	-1.0	3
1	775.0	866.0	2.0	-2.0	3
1	773.0	868.0	-1.0	-2.0	-1
1	771.0	867.0	-3.0	1.0	-1
1	772.0	864.0	3.0	-2.0	3
1	770.0	867.0	-1.0	-2.0	-1
1	768.0	866.0	-3.0	-1.0	-1
1	767.0	863.0	-2.0	0.0	-1
1	767.0	861.0	2.0	-1.0	3
1	766.0	863.0	-2.0	2.0	-1
1	768.0	861.0	-1.0	0.0	-1
1	768.0	860.0	3.0	0.0	3
1	768.0	863.0	-2.0	0.0	-1
1	768.0	861.0	-1.0	0.0	-1
1	768.0	860.0	3.0	3.0	3
1	771.0	863.0	1.0	-3.0	3
1	768.0	864.0	1.0	-2.0	3
1	766.0	865.0	-1.0	0.0	-1
1	766.0	864.0	2.0	2.0	3
1	768.0	866.0	-1.0	2.0	-1
1	770.0	865.0	1.0	-1.0	3
1	769.0	866.0	0.0	0.0	-1
1	769.0	866.0	-3.0	-2.0	-1
1	767.0	863.0	1.0	-3.0	3
1	764.0	864.0	-2.0	-1.0	-1
1	763.0	862.0	3.0	2.0	3
1	765.0	865.0	-2.0	2.0	-1
1	767.0	863.0	3.0	-1.0	3
1	766.0	866.0	-1.0	-2.0	-1
1	764.0	865.0	-3.0	3.0	-1
1	767.0	862.0	2.0	-3.0	3
1	764.0	864.0	1.0	1.0	3
1	765.0	865.0	1.0	2.0	3
1	767.0	866.0	2.0	-3.0	3
1	764.0	868.0	-2.0	3.0	-1
1	767.0	866.0	0.0	-1.0	3
1	766.0	866.0	0.0	-2.0	3
1	764.0	866.0	-2.0	-2.0	-1
1	762.0	864.0	0.0	0.0	-1
1	762.0	864.0	-1.0	2.0	-1
1	764.0	863.0	2.0	-3.0	3
1	761.0	865.0	1.0	-2.0	3
1	759.0	866.0	2.0	1.0	3
1	760.0	868.0	-2.0	-3.0	-1
1	757.0	866.0	-3.0	0.0	-1
1	757.0	863.0	2.0	-2.0	3
1	755.0	865.0	-2.0	0.0	-1
1	755.0	863.0	-2.0	-1.0	-1
1	754.0	861.0	-2.0	-1.0	-1
1	753.0	859.0	-2.0	-2.0	-1
1	751.0	857.0	-3.0	1.0	-1
1	752.0	854.0	-1.0	-3.0	-1
1	749.0	853.0	-3.0	-2.0	-1
1	747.0	850.0	0.0	-1.0	3
1	746.0	850.0	2.0	-1.0	3
1	745.0	852.0	2.0	-2.0	3
1	743.0	854.0	3.0	3.0	3
1	746.0	857.0	2.0	0.0	3
1	746.0	859.0	3.0	0.0	3
1	746.0	862.0	1.0	1.0	3
1	747.0	863.0	2.0	1.0	3
1	748.0	865.0	-1.0	2.0	-1
1	750.0	864.0	3.0	-1.0	3
1	749.0	867.0	0.0	-1.0	3
1	748.0	867.0	2.0	3.0	3
1	751.0	869.0	1.0	2.0	3
1	753.0	870.0	-1.0	0.0	-1
1	753.0	869.0	-3.0	2.0	-1
1	755.0	866.0	2.0	-3.0	3
1	752.0	868.0	0.0	-2.0	3
1	750.0	868.0	-2.0	-3.0	-1
1	747.0	866.0	3.0	-2.0	3
1	745.0	869.0	-2.0	1.0	-1
1	746.0	867.0	-2.0	-3.0	-1
1	743.0	865.0	0.0	-3.0	-1
1	740.0	865.0	3.0	3.0	3
1	743.0	868.0	1.0	-1.0	3
1	742.0	869.0	3.0	2.0	3
1	744.0	872.0	2.0	-3.0	3
1	741.0	874.0	0.0	3.0	3
1	744.0	874.0	-2.0	1.0	-1
1	745.0	872.0	1.0	2.0	3
1	747.0	873.0	1.0	2.0	3
1	749.0	874.0	-3.0	2.0	-1
1	751.0	871.0	-1.0	0.0	-1
1	751.0	870.0	-1.0	-2.0	-1
1	749.0	869.0	0.0	-2.0	3
1	747.0	869.0	-1.0	2.0	-1
1	749.0	868.0	-1.0	0.0	-1
1	749.0	867.0	0.0	-2.0	3
1	747.0	867.0	1.0	-1.0	3
1	746.0	868.0	1.0	1.0	3
1	747.0	869.0	0.0	3.0	-1
1	750.0	869.0	0.0	2.0	-1
1	752.0	869.0	-2.0	3.0	-1
1	755.0	867.0	3.0	-1.0	3
1	754.0	870.0	2.0	-1.0	3
1	753.0	872.0	2.0	2.0	3
1	755.0	874.0	1.0	1.0	3
1	756.0	875.0	2.0	2.0	3
1	758.0	877.0	-1.0	3.0	-1
1	761.0	876.0	-2.0	1.0	-1
1	762.0	874.0	3.0	-2.0	3
1	760.0	877.0	3.0	3.0	3
1	763.0	880.0	-2.0	1.0	-1
1	764.0	878.0	1.0	-3.0	3
1	761.0	879.0	-2.0	3.0	-1
1	764.0	877.0	2.0	-1.0	3
1	763.0	879.0	0.0	-3.0	3
1	760.0	879.0	-1.0	2.0	-1
1	762.0	878.0	3.0	-1.0	3
1	761.0	881.0	3.0	2.0	3
1	763.0	884.0	-2.0	1.0	-1
1	764.0	882.0	-3.0	-1.0	-1
1	763.0	879.0	2.0	2.0	3
1	765.0	881.0	-2.0	-1.0	-1
1	764.0	879.0	-1.0	-2.0	-1
1	762.0	878.0	0.0	3.0	-1
1	765.0	878.0	-3.0	0.0	-1
1	765.0	875.0	-1.0	0.0	-1
1	765.0	874.0	2.0	0.0	3
1	765.0	876.0	0.0	-3.0	3
1	762.0	876.0	-1.0	2.0	-1
1	764.0	875.0	2.0	-3.0	3
1	761.0	877.0	-3.0	2.0	-1
1	763.0	874.0	-2.0	-3.0	-1
1	760.0	872.0	-3.0	-2.0	-1
1	758.0	869.0	1.0	-3.0	3
1	755.0	870.0	2.0	0.0	3
1	755.0	872.0	3.0	0.0	3
1	755.0	875.0	0.0	-3.0	3
1	752.0	875.0	-1.0	2.0	-1
1	754.0	874.0	-2.0	-2.0	-1
1	752.0	872.0	1.0	-2.0	3
1	750.0	873.0	1.0	3.0	3
1	753.0	874.0	1.0	-1.0	3
1	752.0	875.0	1.0	-3.0	3
1	749.0	876.0	-2.0	1.0	-1
1	750.0	874.0	1.0	-1.0	3
1	749.0	875.0	-1.0	2.0	-1
1	751.0	874.0	-1.0	2.0	-1
1	753.0	873.0	-3.0	-3.0	-1
1	750.0	870.0	-2.0	-3.0	-1
1	747.0	868.0	2.0	-3.0	3
1	744.0	870.0	-1.0	-1.0	-1
1	743.0	869.0	3.0	-1.0	3
1	742.0	872.0	3.0	0.0	3
1	742.0	875.0	-1.0	-1.0	-1
1	741.0	874.0	-1.0	-1.0	-1
1	740.0	873.0	1.0	0.0	3
1	740.0	874.0	2.0	2.0	3
1	742.0	876.0	2.0	2.0	3
1	744.0	878.0	-3.0	-2.0	-1
1	742.0	875.0	-2.0	3.0	-1
1	745.0	873.0	-3.0	-1.0	-1
1	744.0	870.0	2.0	-2.0	3
1	742.0	872.0	0.0	2.0	3
1	744.0	872.0	3.0	-2.0	3
1	742.0	875.0	3.0	3.0	3
1	745.0	878.0	3.0	-3.0	3
1	742.0	881.0	0.0	-2.0	-1
1	740.0	881.0	1.0	2.0	3
1	742.0	882.0	-1.0	3.0	-1
1	745.0	881.0	-2.0	3.0	-1
1	748.0	879.0	0.0	1.0	-1
1	749.0	879.0	-2.0	-1.0	-1
1	748.0	877.0	-2.0	-1.0	-1
1	747.0	875.0	-1.0	0.0	-1
1	747.0	874.0	-1.0	0.0	-1
1	747.0	873.0	0.0	-3.0	-1
1	744.0	873.0	-2.0	-1.0	-1
1	743.0	871.0	2.0	-1.0	3
1	742.0	873.0	1.0	-1.0	3
1	741.0	874.0	0.0	-2.0	-1
1	739.0	874.0	-2.0	3.0	-1
1	742.0	872.0	3.0	1.0	3
1	743.0	875.0	1.0	0.0	3
1	743.0	876.0	1.0	-2.0	3
1	741.0	877.0	2.0	-1.0	3
1	740.0	879.0	0.0	0.0	-1
2	791.0	138.0	3.0	2.0	5
2	793.0	141.0	0.0	3.0	-1
2	796.0	141.0	3.0	3.0	-1
2	799.0	144.0	-1.0	-3.0	3
2	796.0	143.0	3.0	-1.0	-1
2	795.0	146.0	0.0	-2.0	3
2	793.0	146.0	-1.0	-3.0	3
2	790.0	145.0	1.0	0.0	-1
2	790.0	146.0	1.0	1.0	-1
2	791.0	147.0	0.0	-3.0	3
2	788.0	147.0	-1.0	-3.0	3
2	785.0	146.0	-2.0	-1.0	3
2	784.0	144.0	-3.0	0.0	3
2	784.0	141.0	-1.0	-1.0	3
2	783.0	140.0	-2.0	0.0	3
2	783.0	138.0	2.0	-1.0	-1
2	782.0	140.0	-3.0	-2.0	3
2	780.0	137.0	-1.0	-1.0	3
2	779.0	136.0	2.0	-2.0	3
2	777.0	138.0	1.0	2.0	-1
2	779.0	139.0	3.0	2.0	-1
2	781.0	142.0	1.0	2.0	-1
2	783.0	143.0	2.0	-2.0	-1
2	781.0	145.0	-3.0	-1.0	3
2	780.0	142.0	-1.0	-2.0	3
2	778.0	141.0	-1.0	0.0	3
2	778.0	140.0	-1.0	-1.0	3
2	777.0	139.0	1.0	-3.0	3
2	774.0	140.0	-3.0	-1.0	3
2	773.0	137.0	3.0	-2.0	-1
2	771.0	140.0	1.0	2.0	-1
2	773.0	141.0	-1.0	-2.0	3
2	771.0	140.0	1.0	2.0	-1
2	773.0	141.0	-2.0	-2.0	3
2	771.0	139.0	3.0	-2.0	-1
2	769.0	142.0	3.0	3.0	-1
2	772.0	145.0	-3.0	2.0	3
2	774.0	142.0	3.0	-1.0	-1
2	773.0	145.0	-3.0	1.0	3
2	774.0	142.0	-3.0	-1.0	3
2	773.0	139.0	1.0	-1.0	-1
2	772.0	140.0	-1.0	3.0	-1
2	775.0	139.0	2.0	3.0	-1
2	778.0	141.0	-1.0	1.0	-1
2	779.0	140.0	0.0	1.0	-1
2	780.0	140.0	2.0	0.0	-1
2	780.0	142.0	-2.0	1.0	3
2	781.0	140.0	-2.0	2.0	-1
2	783.0	138.0	2.0	-1.0	-1
2	782.0	140.0	-2.0	1.0	3
2	783.0	138.0	1.0	-2.0	3
2	781.0	139.0	-3.0	2.0	3
2	783.0	136.0	2.0	1.0	-1
2	784.0	138.0	1.0	3.0	-1
2	787.0	139.0	-2.0	1.0	3
2	788.0	137.0	-1.0	-2.0	3
2	786.0	136.0	2.0	-1.0	-1
2	785.0	138.0	-3.0	3.0	-1
2	788.0	135.0	1.0	0.0	-1
2	788.0	136.0	1.0	0.0	-1
2	788.0	137.0	-1.0	-2.0	3
2	786.0	136.0	3.0	3.0	-1
2	789.0	139.0	-3.0	3.0	-1
2	792.0	136.0	-1.0	0.0	3
2	792.0	135.0	2.0	0.0	-1
2	792.0	137.0	3.0	-3.0	3
2	789.0	140.0	-1.0	0.0	3
2	789.0	139.0	-3.0	2.0	3
2	791.0	136.0	-2.0	2.0	-1
2	793.0	134.0	1.0	-2.0	3
2	791.0	135.0	-1.0	1.0	-1
2	792.0	134.0	0.0	-1.0	3
2	791.0	134.0	1.0	0.0	-1
2	791.0	135.0	0.0	-1.0	3
2	790.0	135.0	-2.0	0.0	3
2	790.0	133.0	3.0	0.0	-1
2	790.0	136.0	-2.0	0.0	3
2	790.0	134.0	1.0	0.0	-1
2	790.0	135.0	1.0	0.0	-1
2	790.0	136.0	-2.0	-2.0	3
2	788.0	134.0	1.0	2.0	-1
2	790.0	135.0	0.0	-3.0	3
2	787.0	135.0	3.0	2.0	-1
2	789.0	138.0	0.0	3.0	-1
2	792.0	138.0	-1.0	3.0	-1
2	795.0	137.0	1.0	1.0	-1
2	796.0	138.0	-3.0	3.0	-1
2	799.0	135.0	3.0	-1.0	-1
2	798.0	138.0	-3.0	2.0	-1
2	800.0	135.0	0.0	-3.0	3
2	797.0	135.0	-3.0	-3.0	3
2	794.0	132.0	-3.0	1.0	3
2	795.0	129.0	-2.0	3.0	-1
2	798.0	127.0	2.0	-1.0	3
2	797.0	129.0	-1.0	-3.0	3
2	794.0	128.0	3.0	0.0	-1
2	794.0	131.0	-2.0	0.0	3
2	794.0	129.0	2.0	1.0	-1
2	795.0	131.0	1.0	0.0	-1
2	795.0	132.0	0.0	0.0	-1
2	795.0	132.0	3.0	-3.0	3
2	792.0	135.0	-2.0	-2.0	3
2	790.0	133.0	3.0	-3.0	3
2	787.0	136.0	-2.0	-1.0	3
2	786.0	134.0	3.0	-1.0	-1
2	785.0	137.0	2.0	-3.0	3
2	782.0	139.0	-3.0	-2.0	3
2	780.0	136.0	-2.0	-1.0	3
2	779.0	134.0	2.0	2.0	-1
2	781.0	136.0	-2.0	0.0	3
2	781.0	134.0	1.0	3.0	-1
2	784.0	135.0	0.0	2.0	-1
2	786.0	135.0	3.0	3.0	-1
2	789.0	138.0	3.0	-3.0	3
2	786.0	141.0	-1.0	2.0	-1
2	788.0	140.0	2.0	3.0	-1
2	791.0	142.0	2.0	-1.0	-1
2	790.0	144.0	-2.0	1.0	3
2	791.0	142.0	-2.0	-3.0	3
2	788.0	140.0	3.0	3.0	-1
2	791.0	143.0	-2.0	3.0	-1
2	794.0	141.0	-3.0	-3.0	3
2	791.0	138.0	0.0	0.0	-1
2	791.0	138.0	-2.0	2.0	-1
2	793.0	136.0	1.0	1.0	-1
2	794.0	137.0	2.0	-1.0	-1
2	793.0	139.0	-2.0	0.0	3
2	793.0	137.0	-1.0	-3.0	3
2	790.0	136.0	3.0	0.0	-1
2	790.0	139.0	0.0	2.0	-1
2	792.0	139.0	0.0	0.0	-1
2	792.0	139.0	2.0	3.0	-1
2	795.0	141.0	3.0	-3.0	3
2	792.0	144.0	-1.0	2.0	-1
2	794.0	143.0	2.0	-2.0	3
2	792.0	145.0	1.0	-1.0	3
2	791.0	146.0	-3.0	0.0	3
2	791.0	143.0	-2.0	3.0	-1
2	794.0	141.0	3.0	1.0	-1
2	795.0	144.0	-2.0	0.0	3
2	795.0	142.0	-1.0	1.0	-1
2	796.0	141.0	-3.0	3.0	-1
2	799.0	138.0	3.0	-2.0	3
2	797.0	141.0	-1.0	-2.0	3
2	795.0	140.0	3.0	2.0	-1
2	797.0	143.0	2.0	2.0	-1
2	799.0	145.0	0.0	1.0	-1
2	800.0	145.0	2.0	-2.0	3
2	798.0	147.0	1.0	-1.0	3
2	797.0	148.0	-2.0	0.0	3
2	797.0	146.0	2.0	0.0	-1
2	797.0	148.0	-2.0	-3.0	3
2	794.0	146.0	2.0	1.0	-1
2	795.0	148.0	2.0	-2.0	3
2	793.0	150.0	3.0	-3.0	3
2	790.0	153.0	2.0	0.0	-1
2	790.0	155.0	-2.0	0.0	3
2	790.0	153.0	2.0	-2.0	-1
2	788.0	155.0	3.0	3.0	-1
2	791.0	158.0	0.0	2.0	-1
2	793.0	158.0	-2.0	3.0	-1
2	796.0	156.0	-3.0	2.0	3
2	798.0	153.0	3.0	-3.0	3
2	795.0	156.0	3.0	-1.0	-1
2	794.0	159.0	-1.0	-1.0	3
2	793.0	158.0	0.0	-3.0	3
2	790.0	158.0	1.0	1.0	-1
2	791.0	159.0	-1.0	1.0	3
2	792.0	158.0	-1.0	-3.0	3
2	789.0	157.0	0.0	3.0	-1
2	792.0	157.0	1.0	-2.0	3
2	790.0	158.0	-2.0	3.0	-1
2	793.0	156.0	3.0	-1.0	-1
2	792.0	159.0	0.0	-2.0	3
2	790.0	159.0	3.0	0.0	-1
2	790.0	162.0	3.0	3.0	-1
2	793.0	165.0	-2.0	-3.0	3
2	790.0	163.0	-2.0	1.0	3
2	791.0	161.0	1.0	0.0	-1
2	791.0	162.0	-3.0	1.0	3
2	792.0	159.0	3.0	-2.0	-1
2	790.0	162.0	1.0	0.0	-1
2	790.0	163.0	-1.0	3.0	-1
2	793.0	162.0	-2.0	-1.0	3
2	792.0	160.0	-1.0	2.0	-1
2	794.0	159.0	-2.0	-3.0	3
2	791.0	157.0	2.0	-3.0	3
2	788.0	159.0	2.0	0.0	-1
2	788.0	161.0	2.0	1.0	-1
2	789.0	163.0	-1.0	-1.0	3
2	788.0	162.0	-1.0	-2.0	3
2	786.0	161.0	1.0	0.0	-1
2	786.0	162.0	0.0	3.0	-1
2	789.0	162.0	-1.0	-2.0	3
2	787.0	161.0	1.0	3.0	-1
2	790.0	162.0	0.0	-1.0	3
2	789.0	162.0	0.0	2.0	-1
2	791.0	162.0	-1.0	3.0	-1
2	794.0	161.0	-3.0	-3.0	3
2	791.0	158.0	-1.0	-1.0	3
2	790.0	157.0	3.0	-1.0	-1
2	789.0	160.0	-2.0	1.0	3
2	790.0	158.0	-1.0	-2.0	3
2	788.0	157.0	-3.0	3.0	3
2	791.0	154.0	2.0	-3.0	3
2	788.0	156.0	1.0	1.0	-1
2	789.0	157.0	0.0	-2.0	3
2	787.0	157.0	1.0	2.0	-1
2	789.0	158.0	-1.0	-2.0	3
2	787.0	157.0	-2.0	0.0	3
2	787.0	155.0	-1.0	-2.0	3
2	785.0	154.0	0.0	2.0	-1
2	787.0	154.0	-3.0	-2.0	3
2	785.0	151.0	1.0	-3.0	3
2	782.0	152.0	-2.0	-2.0	3
2	780.0	150.0	-1.0	0.0	3
2	780.0	149.0	1.0	-3.0	3
2	777.0	150.0	-2.0	2.0	3
2	779.0	148.0	-1.0	-2.0	3
2	777.0	147.0	3.0	2.0	-1
2	779.0	150.0	-3.0	-2.0	3
2	777.0	147.0	0.0	-1.0	3
2	776.0	147.0	-3.0	3.0	3
2	779.0	144.0	3.0	1.0	-1
2	780.0	147.0	1.0	1.0	-1
2	781.0	148.0	0.0	1.0	-1
2	782.0	148.0	2.0	-1.0	-1
2	781.0	150.0	3.0	-2.0	-1
2	779.0	153.0	-1.0	-1.0	3
2	778.0	152.0	1.0	2.0	-1
2	780.0	153.0	3.0	-2.0	-1
2	778.0	156.0	-1.0	2.0	-1
2	780.0	155.0	0.0	0.0	-1
2	780.0	155.0	1.0	3.0	-1
2	783.0	156.0	2.0	0.0	-1
2	783.0	158.0	1.0	-1.0	-1
2	782.0	159.0	-1.0	-2.0	3
2	780.0	158.0	-2.0	-3.0	3
2	777.0	156.0	-3.0	-3.0	3
2	774.0	153.0	-2.0	0.0	3
2	774.0	151.0	-1.0	-3.0	3
2	771.0	150.0	2.0	-1.0	-1
2	770.0	152.0	-3.0	3.0	3
2	773.0	149.0	2.0	3.0	-1
2	776.0	151.0	-2.0	-1.0	3
2	775.0	149.0	3.0	3.0	-1
2	778.0	152.0	0.0	-1.0	3
2	777.0	152.0	2.0	-1.0	-1
2	776.0	154.0	3.0	-3.0	-1
2	773.0	157.0	-3.0	-2.0	3
2	771.0	154.0	-2.0	-3.0	3
2	768.0	152.0	0.0	0.0	-1
2	768.0	152.0	3.0	2.0	-1
2	770.0	155.0	2.0	3.0	-1
2	773.0	157.0	-3.0	0.0	3
2	773.0	154.0	0.0	-3.0	3
2	770.0	154.0	1.0	1.0	-1
2	771.0	155.0	0.0	3.0	-1
2	774.0	155.0	1.0	1.0	-1
2	775.0	156.0	0.0	3.0	-1
2	778.0	156.0	0.0	0.0	-1
2	778.0	156.0	-1.0	3.0	-1
2	781.0	155.0	-2.0	0.0	3
2	781.0	153.0	0.0	0.0	-1
2	781.0	153.0	-2.0	-2.0	3
2	779.0	151.0	1.0	-2.0	3
2	777.0	152.0	2.0	3.0	-1
2	780.0	154.0	0.0	-1.0	3
2	779.0	154.0	2.0	-2.0	-1
2	777.0	156.0	-2.0	3.0	-1
2	780.0	154.0	3.0	0.0	-1
2	780.0	157.0	-1.0	3.0	-1
2	783.0	156.0	-2.0	-3.0	3
2	780.0	154.0	-3.0	3.0	3
2	783.0	151.0	-1.0	0.0	3
2	783.0	150.0	0.0	3.0	-1
2	786.0	150.0	0.0	-3.0	3
2	783.0	150.0	0.0	-3.0	3
2	780.0	150.0	3.0	2.0	-1
2	782.0	153.0	-3.0	-2.0	3
2	780.0	150.0	0.0	0.0	-1
2	780.0	150.0	1.0	2.0	-1
2	782.0	151.0	0.0	-3.0	3
2	779.0	151.0	-3.0	0.0	3
2	779.0	148.0	-1.0	2.0	-1
2	781.0	147.0	-3.0	0.0	3
2	781.0	144.0	-1.0	-2.0	3
2	779.0	143.0	2.0	-1.0	-1
2	778.0	145.0	3.0	3.0	-1
2	781.0	148.0	-2.0	-1.0	3
2	780.0	146.0	1.0	-1.0	-1
2	779.0	147.0	3.0	3.0	-1
2	782.0	150.0	3.0	-1.0	-1
2	781.0	153.0	-2.0	-2.0	3
2	779.0	151.0	1.0	-1.0	-1
2	778.0	152.0	3.0	0.0	-1
2	778.0	155.0	-1.0	-3.0	3
2	775.0	154.0	-3.0	1.0	3
2	776.0	151.0	0.0	3.0	-1
2	779.0	151.0	-2.0	3.0	-1
2	782.0	149.0	-3.0	-3.0	3
2	779.0	146.0	-1.0	-3.0	3
2	776.0	145.0	3.0	2.0	-1
2	778.0	148.0	-2.0	-1.0	3
2	777.0	146.0	2.0	3.0	-1
2	780.0	148.0	-1.0	2.0	-1
2	782.0	147.0	-1.0	2.0	-1
2	784.0	146.0	-3.0	0.0	3
2	784.0	143.0	-3.0	1.0	3
2	785.0	140.0	2.0	-1.0	-1
2	784.0	142.0	2.0	0.0	-1
2	784.0	144.0	0.0	-2.0	3
2	782.0	144.0	-2.0	-3.0	3
2	779.0	142.0	0.0	-2.0	3
2	777.0	142.0	-2.0	-3.0	3
2	774.0	140.0	-1.0	-2.0	3
2	772.0	139.0	-1.0	0.0	3
2	772.0	138.0	0.0	0.0	-1
2	772.0	138.0	3.0	-2.0	-1
2	770.0	141.0	-1.0	2.0	-1
2	772.0	140.0	1.0	-1.0	-1
2	771.0	141.0	-1.0	3.0	-1
2	774.0	140.0	-3.0	2.0	3
2	776.0	137.0	2.0	-1.0	-1
2	775.0	139.0	-1.0	1.0	3
2	776.0	138.0	2.0	-1.0	-1
2	775.0	140.0	2.0	-2.0	-1
2	773.0	142.0	2.0	3.0	-1
2	776.0	144.0	2.0	-3.0	3
2	773.0	146.0	3.0	1.0	-1
2	774.0	149.0	2.0	0.0	-1
2	774.0	151.0	-3.0	3.0	3
2	777.0	148.0	-1.0	-1.0	3
2	776.0	147.0	2.0	1.0	-1
2	777.0	149.0	3.0	0.0	-1
2	777.0	152.0	-2.0	-3.0	3
2	774.0	150.0	-1.0	1.0	3
2	775.0	149.0	-2.0	1.0	3
2	776.0	147.0	-3.0	-1.0	3
2	775.0	144.0	2.0	-3.0	3
2	772.0	146.0	3.0	3.0	-1
2	775.0	149.0	-3.0	0.0	3
2	775.0	146.0	0.0	-2.0	3
2	773.0	146.0	-3.0	-2.0	3
2	771.0	143.0	1.0	-1.0	-1
2	770.0	144.0	-2.0	-2.0	3
2	768.0	142.0	-3.0	-2.0	3
2	766.0	139.0	2.0	1.0	-1
2	767.0	141.0	-3.0	-3.0	3
2	764.0	138.0	-2.0	-1.0	3
2	763.0	136.0	2.0	-3.0	-1
2	760.0	138.0	3.0	-3.0	-1
2	757.0	141.0	0.0	2.0	-1
2	759.0	141.0	3.0	2.0	-1
2	761.0	144.0	-2.0	-3.0	3
2	758.0	142.0	-2.0	-3.0	3
2	755.0	140.0	3.0	-1.0	-1
2	754.0	143.0	0.0	2.0	-1
2	756.0	143.0	-2.0	1.0	3
2	757.0	141.0	3.0	-2.0	-1
2	755.0	144.0	2.0	0.0	-1
2	755.0	146.0	-3.0	1.0	3
2	756.0	143.0	0.0	0.0	-1
2	756.0	143.0	-3.0	-3.0	3
2	753.0	140.0	1.0	0.0	-1
2	753.0	141.0	2.0	0.0	-1
2	753.0	143.0	3.0	2.0	-1
2	755.0	146.0	0.0	0.0	-1
2	755.0	146.0	-2.0	-1.0	3
2	754.0	144.0	-2.0	0.0	3
2	754.0	142.0	-1.0	2.0	3
2	756.0	141.0	3.0	0.0	-1
2	756.0	144.0	2.0	-1.0	-1
2	755.0	146.0	0.0	2.0	-1
2	757.0	146.0	-3.0	0.0	3
2	757.0	143.0	1.0	1.0	-1
2	758.0	144.0	-3.0	-1.0	3
2	757.0	141.0	-1.0	-1.0	3
2	756.0	140.0	-1.0	-1.0	3
2	755.0	139.0	-3.0	-3.0	3
2	752.0	136.0	-2.0	3.0	3
2	755.0	134.0	-3.0	-1.0	3
2	754.0	131.0	-3.0	-1.0	3
2	753.0	128.0	0.0	-3.0	3
2	750.0	128.0	0.0	-1.0	3
2	749.0	128.0	-2.0	-3.0	3
2	746.0	126.0	-1.0	-3.0	3
2	743.0	125.0	0.0	1.0	-1
2	744.0	125.0	0.0	1.0	-1
2	745.0	125.0	-1.0	-1.0	3
2	744.0	124.0	3.0	3.0	-1
2	747.0	127.0	-1.0	-1.0	3
2	746.0	126.0	2.0	2.0	-1
2	748.0	128.0	-1.0	-3.0	3
2	745.0	127.0	0.0	-3.0	3
2	742.0	127.0	3.0	-2.0	-1
2	740.0	130.0	2.0	-1.0	-1
2	739.0	132.0	0.0	-1.0	-1
2	738.0	132.0	3.0	0.0	-1
2	738.0	135.0	2.0	3.0	-1
2	741.0	137.0	-1.0	3.0	3
2	744.0	136.0	-3.0	0.0	3
2	744.0	133.0	2.0	-2.0	-1
2	742.0	135.0	0.0	2.0	-1
2	744.0	135.0	3.0	-3.0	-1
2	741.0	138.0	-3.0	2.0	3
2	743.0	135.0	-3.0	3.0	3
2	746.0	132.0	3.0	-1.0	-1
2	745.0	135.0	2.0	2.0	-1
2	747.0	137.0	-2.0	0.0	3
2	747.0	135.0	-1.0	-3.0	3
2	744.0	134.0	3.0	-3.0	-1
2	741.0	137.0	2.0	2.0	-1
2	743.0	139.0	-2.0	-2.0	3
2	741.0	137.0	2.0	-1.0	-1
2	740.0	139.0	2.0	-3.0	-1
2	737.0	141.0	3.0	2.0	-1
2	739.0	144.0	-1.0	0.0	3
2	739.0	143.0	-3.0	3.0	3
2	742.0	140.0	2.0	-1.0	-1
2	741.0	142.0	-2.0	0.0	3
2	741.0	140.0	3.0	2.0	-1
2	743.0	143.0	2.0	2.0	-1
2	745.0	145.0	-3.0	0.0	3
2	745.0	142.0	0.0	-1.0	3
2	744.0	142.0	-2.0	-3.0	3
2	741.0	140.0	-3.0	3.0	3
2	744.0	137.0	-1.0	0.0	3
2	744.0	136.0	-2.0	-3.0	3
2	741.0	134.0	3.0	3.0	-1
2	744.0	137.0	1.0	-2.0	-1
2	742.0	138.0	-3.0	2.0	3
2	744.0	135.0	-1.0	2.0	3
2	746.0	134.0	1.0	-2.0	-1
2	744.0	135.0	2.0	0.0	-1
2	744.0	137.0	3.0	-3.0	-1
2	741.0	140.0	2.0	1.0	-1
2	742.0	142.0	3.0	1.0	-1
2	743.0	145.0	1.0	-3.0	-1
2	740.0	146.0	-1.0	0.0	3
2	740.0	145.0	2.0	-3.0	-1
2	737.0	147.0	-3.0	-2.0	3
2	735.0	144.0	-2.0	2.0	3
2	737.0	142.0	1.0	-3.0	-1
2	734.0	143.0	-3.0	1.0	3
2	735.0	140.0	-2.0	-1.0	3
2	734.0	138.0	1.0	-2.0	-1
2	732.0	139.0	3.0	1.0	-1
2	733.0	142.0	1.0	0.0	-1
2	733.0	143.0	-2.0	1.0	3
2	734.0	141.0	-3.0	-1.0	3
2	733.0	138.0	-2.0	-1.0	3
2	732.0	136.0	-1.0	-3.0	-1
2	729.0	135.0	-2.0	2.0	3
2	731.0	133.0	-1.0	2.0	3
2	733.0	132.0	3.0	-3.0	-1
2	730.0	135.0	-3.0	0.0	3
2	730.0	132.0	-2.0	3.0	3
2	733.0	130.0	-1.0	3.0	3
2	736.0	129.0	-3.0	1.0	3
2	737.0	126.0	2.0	2.0	-1
2	739.0	128.0	2.0	1.0	-1
2	740.0	130.0	-3.0	-2.0	3
2	738.0	127.0	-2.0	0.0	3
2	738.0	125.0	-2.0	0.0	3
2	738.0	123.0	-3.0	-1.0	3
2	737.0	120.0	1.0	-2.0	-1
2	735.0	121.0	-1.0	1.0	3
2	736.0	120.0	3.0	0.0	-1
2	736.0	123.0	-1.0	-2.0	3
2	734.0	122.0	2.0	0.0	-1
2	734.0	124.0	-2.0	-2.0	3
2	732.0	122.0	-2.0	-2.0	3
2	730.0	120.0	-3.0	1.0	3
2	731.0	117.0	-3.0	-3.0	-1
2	728.0	114.0	0.0	-2.0	-1
2	726.0	114.0	3.0	-2.0	-1
2	724.0	117.0	-2.0	-2.0	-1
2	722.0	115.0	-3.0	0.0	3
2	722.0	112.0	-3.0	-2.0	-1
2	720.0	109.0	-3.0	2.0	3
2	722.0	106.0	-1.0	0.0	3
2	722.0	105.0	3.0	0.0	-1
2	722.0	108.0	-1.0	-1.0	-1
2	721.0	107.0	3.0	-2.0	-1
2	719.0	110.0	3.0	1.0	-1
2	720.0	113.0	-1.0	2.0	3
2	722.0	112.0	1.0	-2.0	-1
2	720.0	113.0	3.0	-3.0	-1
2	717.0	116.0	-3.0	-3.0	-1
2	714.0	113.0	-1.0	2.0	3
2	716.0	112.0	1.0	3.0	3
2	719.0	113.0	0.0	0.0	-1
2	719.0	113.0	-1.0	-3.0	-1
2	716.0	112.0	2.0	0.0	-1
2	716.0	114.0	-3.0	-1.0	-1
2	715.0	111.0	-3.0	1.0	3
2	716.0	108.0	-1.0	3.0	3
2	719.0	107.0	0.0	0.0	-1
2	719.0	107.0	0.0	2.0	3
2	721.0	107.0	2.0	0.0	-1
2	721.0	109.0	-2.0	2.0	3
2	723.0	107.0	3.0	-2.0	-1
2	721.0	110.0	-2.0	1.0	3
2	722.0	108.0	-2.0	1.0	3
2	723.0	106.0	3.0	-1.0	-1
2	722.0	109.0	-1.0	-2.0	-1
2	720.0	108.0	-3.0	-1.0	-1
2	719.0	105.0	0.0	0.0	-1
2	719.0	105.0	2.0	0.0	-1
2	719.0	107.0	0.0	1.0	3
2	720.0	107.0	-3.0	3.0	3
2	723.0	104.0	3.0	1.0	3
2	724.0	107.0	1.0	2.0	3
2	726.0	108.0	-1.0	1.0	3
2	727.0	107.0	-1.0	-3.0	-1
2	724.0	106.0	-1.0	2.0	3
2	726.0	105.0	-3.0	-3.0	-1
2	723.0	102.0	2.0	-1.0	-1
2	722.0	104.0	3.0	-3.0	-1
2	719.0	107.0	-2.0	2.0	3
2	721.0	105.0	1.0	1.0	3
2	722.0	106.0	1.0	-1.0	-1
2	721.0	107.0	-3.0	0.0	3
2	721.0	104.0	2.0	0.0	-1
2	721.0	106.0	2.0	-2.0	-1
2	719.0	108.0	2.0	-3.0	-1
2	716.0	110.0	-1.0	-3.0	-1
2	713.0	109.0	1.0	3.0	3
2	716.0	110.0	2.0	3.0	3
2	719.0	112.0	-1.0	2.0	3
2	721.0	111.0	-1.0	0.0	3
2	721.0	110.0	0.0	-1.0	-1
2	720.0	110.0	1.0	-1.0	-1
2	719.0	111.0	-2.0	3.0	3
2	722.0	109.0	-1.0	3.0	3
2	725.0	108.0	3.0	3.0	3
2	728.0	111.0	2.0	-1.0	-1
2	727.0	113.0	2.0	1.0	-1
2	728.0	115.0	-2.0	1.0	3
2	729.0	113.0	-2.0	-2.0	-1
2	727.0	111.0	-3.0	0.0	3
2	727.0	108.0	-3.0	-1.0	-1
2	726.0	105.0	2.0	-3.0	-1
2	723.0	107.0	0.0	-3.0	-1
2	720.0	107.0	2.0	3.0	3
2	723.0	109.0	-3.0	3.0	3
2	726.0	106.0	-1.0	-1.0	-1
2	725.0	105.0	-3.0	-2.0	-1
2	723.0	102.0	-1.0	2.0	3
2	725.0	101.0	3.0	-3.0	-1
2	722.0	104.0	-1.0	-2.0	-1
2	720.0	103.0	-3.0	-1.0	-1
2	719.0	100.0	1.0	-2.0	-1
2	717.0	101.0	0.0	-3.0	-1
2	714.0	101.0	-1.0	-3.0	-1
2	711.0	100.0	0.0	2.0	3
2	713.0	100.0	-2.0	-3.0	-1
2	710.0	98.0	2.0	1.0	3
2	711.0	100.0	2.0	3.0	3
2	714.0	102.0	-3.0	-1.0	-1
2	713.0	99.0	2.0	-2.0	-1
2	711.0	101.0	1.0	-3.0	-1
2	708.0	102.0	-3.0	1.0	3
2	709.0	99.0	-3.0	2.0	3
2	711.0	96.0	1.0	-2.0	-1
2	709.0	97.0	-1.0	-2.0	-1
2	707.0	96.0	2.0	-3.0	-1
2	704.0	98.0	3.0	0.0	3
2	704.0	101.0	-3.0	-3.0	-1
2	701.0	98.0	2.0	-2.0	-1
2	699.0	100.0	-3.0	0.0	-1
2	699.0	97.0	-2.0	3.0	3
2	702.0	95.0	1.0	-1.0	-1
2	701.0	96.0	3.0	1.0	3
2	702.0	99.0	3.0	2.0	3
2	704.0	102.0	3.0	-1.0	-1
2	703.0	105.0	-2.0	-2.0	-1
2	701.0	103.0	3.0	-2.0	-1
2	699.0	106.0	-2.0	0.0	3
2	699.0	104.0	3.0	-1.0	-1
2	698.0	107.0	3.0	3.0	3
2	701.0	110.0	-2.0	3.0	3
2	704.0	108.0	3.0	-3.0	-1
2	701.0	111.0	3.0	2.0	3
2	703.0	114.0	1.0	-2.0	-1
2	701.0	115.0	-1.0	-1.0	-1
2	700.0	114.0	-3.0	-2.0	-1
2	698.0	111.0	-2.0	-1.0	-1
2	697.0	109.0	3.0	-3.0	-1
2	694.0	112.0	-3.0	1.0	3
2	695.0	109.0	-1.0	0.0	3
2	695.0	108.0	-2.0	0.0	3
2	695.0	106.0	-3.0	-3.0	-1
2	692.0	103.0	-1.0	-3.0	-1
2	689.0	102.0	3.0	-1.0	-1
2	688.0	105.0	-1.0	3.0	3
2	691.0	104.0	-1.0	-3.0	-1
2	688.0	103.0	-3.0	-2.0	-1
2	686.0	100.0	3.0	0.0	3
2	686.0	103.0	-2.0	0.0	-1
2	686.0	101.0	-2.0	-2.0	-1
2	684.0	99.0	-2.0	-2.0	-1
2	682.0	97.0	0.0	-3.0	-1
2	679.0	97.0	-1.0	-2.0	-1
2	677.0	96.0	-1.0	-3.0	-1
2	674.0	95.0	1.0	1.0	3
2	675.0	96.0	-3.0	-1.0	-1
2	674.0	93.0	0.0	-1.0	-1
2	673.0	93.0	-3.0	-2.0	-1
2	671.0	90.0	2.0	-2.0	-1
2	669.0	92.0	3.0	-3.0	-1
2	666.0	95.0	3.0	1.0	3
2	667.0	98.0	-1.0	-2.0	-1
2	665.0	97.0	3.0	0.0	3
2	665.0	100.0	-3.0	3.0	3
2	668.0	97.0	3.0	-1.0	-1
2	667.0	100.0	2.0	-3.0	-1
2	664.0	102.0	3.0	1.0	3
2	665.0	105.0	1.0	-3.0	-1
2	662.0	106.0	-1.0	1.0	3
2	663.0	105.0	0.0	0.0	-1
2	663.0	105.0	2.0	0.0	-1
2	663.0	107.0	-3.0	3.0	3
2	666.0	104.0	0.0	0.0	-1
3	164.0	339.0	2.0	3.0	5
3	167.0	341.0	0.0	0.0	-1
3	167.0	341.0	3.0	1.0	-1
3	168.0	344.0	2.0	2.0	-1
3	170.0	346.0	-2.0	-1.0	-1
3	169.0	344.0	-2.0	2.0	3
3	171.0	342.0	1.0	3.0	-1
3	174.0	343.0	-1.0	1.0	3
3	175.0	342.0	3.0	2.0	-1
3	177.0	345.0	3.0	-3.0	3
3	174.0	348.0	-2.0	1.0	-1
3	175.0	346.0	-2.0	-1.0	3
3	174.0	344.0	2.0	0.0	-1
3	174.0	346.0	-1.0	-1.0	3
3	173.0	345.0	2.0	-1.0	3
3	172.0	347.0	-2.0	-3.0	3
3	169.0	345.0	2.0	-1.0	3
3	168.0	347.0	3.0	2.0	-1
3	170.0	350.0	-1.0	-2.0	3
3	168.0	349.0	1.0	1.0	-1
3	169.0	350.0	-2.0	3.0	-1
3	172.0	348.0	0.0	0.0	-1
3	172.0	348.0	-3.0	1.0	-1
3	173.0	345.0	3.0	1.0	-1
3	174.0	348.0	-3.0	1.0	-1
3	175.0	345.0	0.0	-1.0	3
3	174.0	345.0	1.0	-1.0	3
3	173.0	346.0	2.0	-3.0	3
3	170.0	348.0	3.0	1.0	-1
3	171.0	351.0	3.0	-1.0	3
3	170.0	354.0	3.0	1.0	-1
3	171.0	357.0	-1.0	-2.0	3
3	169.0	356.0	-3.0	-3.0	3
3	166.0	353.0	3.0	-1.0	3
3	165.0	356.0	3.0	-2.0	3
3	163.0	359.0	-2.0	-3.0	3
3	160.0	357.0	-1.0	0.0	3
3	160.0	356.0	0.0	-1.0	3
3	159.0	356.0	-3.0	-3.0	3
3	156.0	353.0	3.0	0.0	-1
3	156.0	356.0	2.0	1.0	-1
3	157.0	358.0	-3.0	0.0	3
3	157.0	355.0	2.0	2.0	-1
3	159.0	357.0	0.0	2.0	-1
3	161.0	357.0	3.0	0.0	-1
3	161.0	360.0	0.0	1.0	-1
3	162.0	360.0	-2.0	-3.0	3
3	159.0	358.0	-1.0	-3.0	3
3	156.0	357.0	1.0	-2.0	3
3	154.0	358.0	-1.0	0.0	3
3	154.0	357.0	-2.0	-1.0	3
3	153.0	355.0	-2.0	2.0	-1
3	155.0	353.0	-3.0	0.0	-1
3	155.0	350.0	1.0	-3.0	3
3	152.0	351.0	-1.0	-3.0	-1
3	149.0	350.0	0.0	-3.0	-1
3	146.0	350.0	1.0	2.0	3
3	148.0	351.0	3.0	0.0	3
3	148.0	354.0	-2.0	-1.0	-1
3	147.0	352.0	3.0	-2.0	-1
3	145.0	355.0	3.0	-3.0	-1
3	142.0	358.0	-3.0	-3.0	-1
3	139.0	355.0	-1.0	-2.0	-1
3	137.0	354.0	-3.0	0.0	-1
3	137.0	351.0	-3.0	-1.0	-1
3	136.0	348.0	0.0	0.0	-1
3	136.0	348.0	1.0	0.0	3
3	136.0	349.0	-2.0	-3.0	-1
3	133.0	347.0	-2.0	3.0	3
3	136.0	345.0	-2.0	1.0	-1
3	137.0	343.0	-2.0	2.0	3
3	139.0	341.0	-2.0	3.0	3
3	142.0	339.0	-2.0	-1.0	-1
3	141.0	337.0	2.0	1.0	3
3	142.0	339.0	1.0	2.0	3
3	144.0	340.0	0.0	3.0	3
3	147.0	340.0	-2.0	-2.0	-1
3	145.0	338.0	1.0	1.0	3
3	146.0	339.0	1.0	-2.0	3
3	144.0	340.0	-3.0	-3.0	-1
3	141.0	337.0	3.0	1.0	3
3	142.0	340.0	3.0	1.0	3
3	143.0	343.0	3.0	0.0	3
3	143.0	346.0	3.0	-1.0	3
3	142.0	349.0	2.0	1.0	3
3	143.0	351.0	2.0	3.0	3
3	146.0	353.0	-3.0	1.0	-1
3	147.0	350.0	3.0	1.0	3
3	148.0	353.0	-1.0	1.0	3
3	149.0	352.0	-1.0	3.0	3
3	152.0	351.0	-1.0	3.0	-1
3	155.0	350.0	1.0	-1.0	3
3	154.0	351.0	3.0	1.0	3
3	155.0	354.0	-2.0	-1.0	3
3	154.0	352.0	-3.0	-3.0	-1
3	151.0	349.0	3.0	2.0	3
3	153.0	352.0	3.0	1.0	-1
3	154.0	355.0	-1.0	2.0	-1
3	156.0	354.0	2.0	-3.0	3
3	153.0	356.0	-1.0	-3.0	-1
3	150.0	355.0	3.0	0.0	-1
3	150.0	358.0	3.0	-3.0	-1
3	147.0	361.0	3.0	2.0	-1
3	149.0	364.0	-2.0	0.0	3
3	149.0	362.0	3.0	1.0	-1
3	150.0	365.0	-3.0	3.0	3
3	153.0	362.0	1.0	3.0	-1
3	156.0	363.0	3.0	1.0	-1
3	157.0	366.0	0.0	3.0	-1
3	160.0	366.0	3.0	-3.0	-1
3	157.0	369.0	-2.0	2.0	3
3	159.0	367.0	3.0	2.0	-1
3	161.0	370.0	-2.0	-1.0	3
3	160.0	368.0	2.0	-3.0	-1
3	157.0	370.0	-3.0	0.0	3
3	157.0	367.0	-2.0	-2.0	3
3	155.0	365.0	0.0	2.0	-1
3	157.0	365.0	3.0	-1.0	-1
3	156.0	368.0	2.0	-2.0	-1
3	154.0	370.0	-3.0	3.0	3
3	157.0	367.0	1.0	1.0	-1
3	158.0	368.0	-1.0	-2.0	3
3	156.0	367.0	1.0	3.0	-1
3	159.0	368.0	2.0	-1.0	-1
3	158.0	370.0	0.0	2.0	-1
3	160.0	370.0	0.0	1.0	-1
3	161.0	370.0	1.0	-2.0	-1
3	159.0	371.0	3.0	1.0	-1
3	160.0	374.0	-2.0	3.0	3
3	163.0	372.0	3.0	-3.0	-1
3	160.0	375.0	-1.0	-3.0	3
3	157.0	374.0	-1.0	3.0	-1
3	160.0	373.0	-2.0	-1.0	3
3	159.0	371.0	-1.0	-2.0	3
3	157.0	370.0	0.0	-3.0	3
3	154.0	370.0	3.0	0.0	-1
3	154.0	373.0	-1.0	2.0	3
3	156.0	372.0	3.0	-1.0	-1
3	155.0	375.0	-1.0	-3.0	3
3	152.0	374.0	-3.0	1.0	3
3	153.0	371.0	2.0	-3.0	-1
3	150.0	373.0	3.0	1.0	-1
3	151.0	376.0	-1.0	3.0	3
3	154.0	375.0	2.0	2.0	-1
3	156.0	377.0	3.0	3.0	-1
3	159.0	380.0	1.0	3.0	-1
3	162.0	381.0	-3.0	-3.0	3
3	159.0	378.0	-2.0	3.0	3
3	162.0	376.0	2.0	-2.0	-1
3	160.0	378.0	-3.0	3.0	3
3	163.0	375.0	-3.0	-1.0	3
3	162.0	372.0	0.0	-2.0	3
3	160.0	372.0	2.0	2.0	-1
3	162.0	374.0	2.0	2.0	-1
3	164.0	376.0	1.0	-3.0	3
3	161.0	377.0	-3.0	1.0	3
3	162.0	374.0	-2.0	3.0	3
3	165.0	372.0	-2.0	0.0	3
3	165.0	370.0	-3.0	-1.0	3
3	164.0	367.0	-3.0	2.0	3
3	166.0	364.0	-1.0	-3.0	3
3	163.0	363.0	0.0	-1.0	3
3	162.0	363.0	3.0	-2.0	-1
3	160.0	366.0	0.0	-1.0	3
3	159.0	366.0	1.0	2.0	-1
3	161.0	367.0	-3.0	-1.0	3
3	160.0	364.0	2.0	1.0	-1
3	161.0	366.0	3.0	1.0	-1
3	162.0	369.0	0.0	3.0	-1
3	165.0	369.0	-1.0	-3.0	3
3	162.0	368.0	-3.0	-3.0	3
3	159.0	365.0	-2.0	-3.0	3
3	156.0	363.0	2.0	1.0	-1
3	157.0	365.0	1.0	3.0	-1
3	160.0	366.0	-1.0	1.0	3
3	161.0	365.0	-2.0	2.0	-1
3	163.0	363.0	-2.0	3.0	-1
3	166.0	361.0	-2.0	3.0	-1
3	169.0	359.0	-2.0	3.0	-1
3	172.0	357.0	-1.0	0.0	3
3	172.0	356.0	-1.0	-3.0	3
3	169.0	355.0	-3.0	3.0	-1
3	172.0	352.0	0.0	0.0	-1
3	172.0	352.0	0.0	0.0	-1
3	172.0	352.0	3.0	1.0	-1
3	173.0	355.0	-3.0	2.0	-1
3	175.0	352.0	0.0	-2.0	3
3	173.0	352.0	-2.0	3.0	-1
3	176.0	350.0	-2.0	1.0	-1
3	177.0	348.0	2.0	-3.0	3
3	174.0	350.0	2.0	0.0	3
3	174.0	352.0	3.0	-1.0	3
3	173.0	355.0	-3.0	1.0	-1
3	174.0	352.0	1.0	2.0	-1
3	176.0	353.0	2.0	-3.0	3
3	173.0	355.0	-3.0	-1.0	3
3	172.0	352.0	3.0	-3.0	3
3	169.0	355.0	-2.0	-3.0	3
3	166.0	353.0	0.0	-1.0	3
3	165.0	353.0	-3.0	3.0	-1
3	168.0	350.0	0.0	1.0	-1
3	169.0	350.0	3.0	3.0	-1
3	172.0	353.0	2.0	2.0	-1
3	174.0	355.0	1.0	1.0	-1
3	175.0	356.0	1.0	1.0	-1
3	176.0	357.0	0.0	0.0	-1
3	176.0	357.0	-3.0	-1.0	3
3	175.0	354.0	0.0	0.0	-1
3	175.0	354.0	-3.0	2.0	-1
3	177.0	351.0	-2.0	3.0	-1
3	180.0	349.0	-3.0	1.0	3
3	181.0	346.0	-2.0	-3.0	3
3	178.0	344.0	1.0	-2.0	-1
3	176.0	345.0	-2.0	-1.0	3
3	175.0	343.0	-1.0	2.0	3
3	177.0	342.0	1.0	0.0	-1
3	177.0	343.0	-1.0	3.0	-1
3	180.0	342.0	1.0	2.0	-1
3	182.0	343.0	2.0	-2.0	-1
3	180.0	345.0	1.0	0.0	-1
3	180.0	346.0	-2.0	-3.0	3
3	177.0	344.0	-1.0	-1.0	3
3	176.0	343.0	2.0	3.0	-1
3	179.0	345.0	1.0	-2.0	-1
3	177.0	346.0	-1.0	-1.0	3
3	176.0	345.0	1.0	0.0	-1
3	176.0	346.0	-2.0	-3.0	3
3	173.0	344.0	-1.0	3.0	3
3	176.0	343.0	2.0	-3.0	-1
3	173.0	345.0	0.0	3.0	-1
3	176.0	345.0	3.0	-2.0	3
3	174.0	348.0	-2.0	-3.0	3
3	171.0	346.0	2.0	0.0	3
3	171.0	348.0	-1.0	-3.0	3
3	168.0	347.0	2.0	-1.0	3
3	167.0	349.0	1.0	-3.0	3
3	164.0	350.0	0.0	-3.0	3
3	161.0	350.0	-3.0	0.0	-1
3	161.0	347.0	1.0	-3.0	3
3	158.0	348.0	1.0	0.0	3
3	158.0	349.0	3.0	1.0	3
3	159.0	352.0	1.0	-3.0	3
3	156.0	353.0	3.0	1.0	-1
3	157.0	356.0	1.0	3.0	-1
3	160.0	357.0	-1.0	-3.0	3
3	157.0	356.0	0.0	-2.0	3
3	155.0	356.0	3.0	-1.0	-1
3	154.0	359.0	1.0	1.0	-1
3	155.0	360.0	-2.0	2.0	3
3	157.0	358.0	0.0	-1.0	3
3	156.0	358.0	2.0	2.0	-1
3	158.0	360.0	3.0	0.0	-1
3	158.0	363.0	2.0	-2.0	-1
3	156.0	365.0	0.0	0.0	-1
3	156.0	365.0	-1.0	2.0	3
3	158.0	364.0	2.0	-1.0	-1
3	157.0	366.0	3.0	-3.0	-1
3	154.0	369.0	-3.0	2.0	3
3	156.0	366.0	-3.0	-3.0	3
3	153.0	363.0	2.0	3.0	-1
3	156.0	365.0	2.0	-3.0	-1
3	153.0	367.0	-1.0	1.0	3
3	154.0	366.0	-1.0	3.0	3
3	157.0	365.0	-2.0	-1.0	3
3	156.0	363.0	-1.0	-2.0	3
3	154.0	362.0	2.0	-1.0	-1
3	153.0	364.0	-3.0	1.0	3
3	154.0	361.0	-1.0	-2.0	3
3	152.0	360.0	0.0	1.0	-1
3	153.0	360.0	-3.0	3.0	3
3	156.0	357.0	1.0	-1.0	-1
3	155.0	358.0	2.0	3.0	-1
3	158.0	360.0	2.0	0.0	-1
3	158.0	362.0	0.0	3.0	-1
3	161.0	362.0	0.0	-2.0	3
3	159.0	362.0	-3.0	2.0	3
3	161.0	359.0	0.0	2.0	-1
3	163.0	359.0	-3.0	-3.0	3
3	160.0	356.0	-1.0	3.0	-1
3	163.0	355.0	0.0	-3.0	3
3	160.0	355.0	0.0	2.0	-1
3	162.0	355.0	-3.0	-2.0	3
3	160.0	352.0	-2.0	3.0	-1
3	163.0	350.0	-3.0	-1.0	-1
3	162.0	347.0	-3.0	-3.0	-1
3	159.0	344.0	-1.0	1.0	-1
3	160.0	343.0	1.0	-2.0	3
3	158.0	344.0	-3.0	-2.0	-1
3	156.0	341.0	3.0	-2.0	3
3	154.0	344.0	2.0	3.0	3
3	157.0	346.0	-1.0	1.0	-1
3	158.0	345.0	2.0	2.0	3
3	160.0	347.0	3.0	-1.0	3
3	159.0	350.0	1.0	-2.0	3
3	157.0	351.0	1.0	-3.0	3
3	154.0	352.0	-3.0	1.0	-1
3	155.0	349.0	-3.0	-2.0	-1
3	153.0	346.0	-2.0	-2.0	-1
3	151.0	344.0	-1.0	0.0	-1
3	151.0	343.0	-3.0	0.0	-1
3	151.0	340.0	0.0	0.0	-1
3	151.0	340.0	-2.0	2.0	-1
3	153.0	338.0	3.0	3.0	3
3	156.0	341.0	1.0	-3.0	3
3	153.0	342.0	-2.0	1.0	-1
3	154.0	340.0	3.0	-3.0	3
3	151.0	343.0	1.0	-2.0	3
3	149.0	344.0	-3.0	2.0	-1
3	151.0	341.0	-2.0	-1.0	-1
3	150.0	339.0	-3.0	2.0	-1
3	152.0	336.0	-2.0	3.0	3
3	155.0	334.0	3.0	-1.0	3
3	154.0	337.0	-1.0	-2.0	-1
3	152.0	336.0	1.0	-3.0	3
3	149.0	337.0	-3.0	-3.0	-1
3	146.0	334.0	-2.0	2.0	-1
3	148.0	332.0	1.0	-1.0	3
3	147.0	333.0	3.0	-1.0	3
3	146.0	336.0	-1.0	-1.0	-1
3	145.0	335.0	-2.0	3.0	-1
3	148.0	333.0	-2.0	0.0	-1
3	148.0	331.0	-1.0	2.0	3
3	150.0	330.0	0.0	3.0	3
3	153.0	330.0	0.0	-1.0	-1
3	152.0	330.0	-1.0	-3.0	-1
3	149.0	329.0	-3.0	-1.0	-1
3	148.0	326.0	-3.0	1.0	3
3	149.0	323.0	0.0	-3.0	-1
3	146.0	323.0	0.0	3.0	3
3	149.0	323.0	-1.0	0.0	-1
3	149.0	322.0	1.0	2.0	3
3	151.0	323.0	0.0	-3.0	-1
3	148.0	323.0	0.0	-2.0	-1
3	146.0	323.0	1.0	-1.0	-1
3	145.0	324.0	-3.0	3.0	3
3	148.0	321.0	0.0	1.0	3
3	149.0	321.0	2.0	2.0	3
3	151.0	323.0	1.0	0.0	-1
3	151.0	324.0	1.0	1.0	3
3	152.0	325.0	2.0	-3.0	-1
3	149.0	327.0	-1.0	-3.0	-1
3	146.0	326.0	2.0	1.0	3
3	147.0	328.0	3.0	2.0	3
3	149.0	331.0	-2.0	1.0	3
3	150.0	329.0	1.0	1.0	3
3	151.0	330.0	1.0	1.0	3
3	152.0	331.0	-3.0	1.0	3
3	153.0	328.0	3.0	0.0	-1
3	153.0	331.0	2.0	2.0	3
3	155.0	333.0	3.0	-3.0	-1
3	152.0	336.0	2.0	1.0	3
3	153.0	338.0	2.0	-1.0	3
3	152.0	340.0	2.0	1.0	3
3	153.0	342.0	3.0	-2.0	3
3	151.0	345.0	1.0	-1.0	3
3	150.0	346.0	0.0	1.0	3
3	151.0	346.0	1.0	-3.0	-1
3	148.0	347.0	3.0	-2.0	3
3	146.0	350.0	-3.0	1.0	-1
3	147.0	347.0	2.0	2.0	3
3	149.0	349.0	-2.0	1.0	-1
3	150.0	347.0	2.0	-2.0	3
3	148.0	349.0	1.0	-3.0	-1
3	145.0	350.0	0.0	-3.0	-1
3	142.0	350.0	-1.0	-1.0	-1
3	141.0	349.0	-2.0	-1.0	-1
3	140.0	347.0	-3.0	1.0	-1
3	141.0	344.0	-2.0	-1.0	-1
3	140.0	342.0	-2.0	-2.0	-1
3	138.0	340.0	-1.0	2.0	3
3	140.0	339.0	3.0	0.0	3
3	140.0	342.0	-2.0	2.0	-1
3	142.0	340.0	-1.0	1.0	-1
3	143.0	339.0	3.0	-3.0	3
3	140.0	342.0	2.0	3.0	3
3	143.0	344.0	-3.0	-3.0	-1
3	140.0	341.0	3.0	-1.0	3
3	139.0	344.0	-2.0	-2.0	-1
3	137.0	342.0	-3.0	3.0	-1
3	140.0	339.0	-3.0	1.0	-1
3	141.0	336.0	3.0	1.0	3
3	142.0	339.0	0.0	3.0	3
3	145.0	339.0	0.0	-2.0	-1
3	143.0	339.0	-2.0	2.0	-1
3	145.0	337.0	-2.0	-3.0	-1
3	142.0	335.0	-2.0	0.0	-1
3	142.0	333.0	0.0	-3.0	-1
3	139.0	333.0	2.0	-2.0	3
3	137.0	335.0	-1.0	0.0	-1
3	137.0	334.0	-2.0	2.0	-1
3	139.0	332.0	0.0	3.0	3
3	142.0	332.0	-3.0	-3.0	-1
3	139.0	329.0	1.0	-1.0	3
3	138.0	330.0	-2.0	1.0	-1
3	139.0	328.0	-3.0	-1.0	-1
3	138.0	325.0	-1.0	-3.0	-1
3	135.0	324.0	-2.0	2.0	3
3	137.0	322.0	2.0	0.0	-1
3	137.0	324.0	-3.0	-3.0	-1
3	134.0	321.0	0.0	0.0	-1
3	134.0	321.0	2.0	-2.0	-1
3	132.0	323.0	1.0	0.0	3
3	132.0	324.0	0.0	0.0	-1
3	132.0	324.0	-1.0	-3.0	-1
3	129.0	323.0	-3.0	2.0	3
3	131.0	320.0	1.0	-1.0	-1
3	130.0	321.0	-2.0	3.0	3
3	133.0	319.0	-1.0	-1.0	-1
3	132.0	318.0	-1.0	-1.0	-1
3	131.0	317.0	0.0	-1.0	-1
3	130.0	317.0	2.0	1.0	3
3	131.0	319.0	2.0	3.0	3
3	134.0	321.0	2.0	-1.0	-1
3	133.0	323.0	0.0	0.0	-1
3	133.0	323.0	1.0	-1.0	-1
3	132.0	324.0	1.0	-3.0	-1
3	129.0	325.0	-1.0	-1.0	-1
3	128.0	324.0	3.0	-1.0	3
3	127.0	327.0	2.0	3.0	3
3	130.0	329.0	-2.0	1.0	-1
3	131.0	327.0	-3.0	2.0	-1
3	133.0	324.0	-1.0	-1.0	-1
3	132.0	323.0	2.0	-1.0	3
3	131.0	325.0	-2.0	1.0	-1
3	132.0	323.0	0.0	1.0	3
3	133.0	323.0	3.0	0.0	3
3	133.0	326.0	1.0	-2.0	-1
3	131.0	327.0	-1.0	3.0	3
3	134.0	326.0	3.0	0.0	3
3	134.0	329.0	2.0	-1.0	3
3	133.0	331.0	-2.0	2.0	-1
3	135.0	329.0	2.0	3.0	3
3	138.0	331.0	-2.0	-2.0	-1
3	136.0	329.0	2.0	2.0	3
3	138.0	331.0	-3.0	1.0	-1
3	139.0	328.0	0.0	2.0	3
3	141.0	328.0	0.0	-3.0	-1
3	138.0	328.0	0.0	3.0	3
3	141.0	328.0	-2.0	-3.0	-1
3	138.0	326.0	-2.0	-2.0	-1
3	136.0	324.0	3.0	0.0	3
3	136.0	327.0	0.0	-3.0	-1
3	133.0	327.0	-3.0	1.0	-1
3	134.0	324.0	1.0	-1.0	3
3	133.0	325.0	-1.0	-1.0	-1
3	132.0	324.0	2.0	3.0	3
3	135.0	326.0	-3.0	-2.0	-1
3	133.0	323.0	1.0	-1.0	-1
3	132.0	324.0	-2.0	1.0	3
3	133.0	322.0	-2.0	-2.0	-1
3	131.0	320.0	1.0	-2.0	-1
3	129.0	321.0	1.0	-3.0	-1
3	126.0	322.0	1.0	-1.0	3
3	125.0	323.0	0.0	3.0	3
3	128.0	323.0	3.0	0.0	3
3	128.0	326.0	0.0	3.0	3
3	131.0	326.0	-1.0	-1.0	-1
3	130.0	325.0	-3.0	2.0	-1
3	132.0	322.0	2.0	-3.0	-1
3	129.0	324.0	3.0	-3.0	3
3	126.0	327.0	3.0	0.0	3
3	126.0	330.0	-2.0	1.0	-1
3	127.0	328.0	1.0	-3.0	-1
3	124.0	329.0	0.0	0.0	-1
3	124.0	329.0	-2.0	3.0	3
3	127.0	327.0	-2.0	1.0	-1
3	128.0	325.0	3.0	-1.0	3
3	127.0	328.0	0.0	3.0	3
3	130.0	328.0	-2.0	0.0	-1
3	130.0	326.0	0.0	2.0	3
3	132.0	326.0	3.0	-2.0	3
3	130.0	329.0	2.0	3.0	3
3	133.0	331.0	0.0	-3.0	-1
3	130.0	331.0	1.0	-3.0	-1
3	127.0	332.0	1.0	-2.0	-1
3	125.0	333.0	-1.0	0.0	-1
3	125.0	332.0	1.0	0.0	3
3	125.0	333.0	0.0	1.0	3
3	126.0	333.0	2.0	-1.0	3
3	125.0	335.0	2.0	1.0	3
3	126.0	337.0	-3.0	-2.0	-1
3	124.0	334.0	-2.0	0.0	-1
3	124.0	332.0	-3.0	3.0	3
3	127.0	329.0	0.0	2.0	3
3	129.0	329.0	-1.0	-1.0	-1
3	128.0	328.0	1.0	-2.0	-1
3	126.0	329.0	1.0	-1.0	-1
3	125.0	330.0	-2.0	1.0	-1
3	126.0	328.0	-1.0	-1.0	-1
3	125.0	327.0	1.0	-3.0	-1
3	122.0	328.0	3.0	-3.0	-1
3	119.0	331.0	0.0	2.0	3
3	121.0	331.0	-3.0	1.0	-1
3	122.0	328.0	-2.0	-3.0	-1
3	119.0	326.0	2.0	2.0	3
3	121.0	328.0	-1.0	-2.0	-1
3	119.0	327.0	3.0	-1.0	3
3	118.0	330.0	3.0	0.0	3
3	118.0	333.0	-1.0	0.0	-1
3	118.0	332.0	3.0	2.0	3
3	120.0	335.0	3.0	-2.0	-1
3	118.0	338.0	2.0	1.0	3
3	119.0	340.0	2.0	-3.0	-1
3	116.0	342.0	-2.0	-3.0	-1
3	113.0	340.0	2.0	3.0	3
3	116.0	342.0	-3.0	2.0	3
3	118.0	339.0	1.0	0.0	3
3	118.0	340.0	0.0	2.0	3
3	120.0	340.0	-2.0	0.0	-1
3	120.0	338.0	2.0	2.0	3
3	122.0	340.0	2.0	2.0	3
3	124.0	342.0	2.0	3.0	3
3	127.0	344.0	3.0	2.0	3
3	129.0	347.0	1.0	0.0	3
3	129.0	348.0	2.0	2.0	3
3	131.0	350.0	-3.0	-3.0	-1
3	128.0	347.0	0.0	2.0	3
3	130.0	347.0	2.0	0.0	3
3	130.0	349.0	1.0	-3.0	-1
3	127.0	350.0	-3.0	2.0	3
3	129.0	347.0	3.0	0.0	3
3	129.0	350.0	2.0	2.0	3
3	131.0	352.0	0.0	-1.0	-1
3	130.0	352.0	-3.0	0.0	-1
3	130.0	349.0	-2.0	-2.0	-1
3	128.0	347.0	3.0	0.0	3
3	128.0	350.0	1.0	-2.0	-1
3	126.0	351.0	-2.0	2.0	3
3	128.0	349.0	1.0	-2.0	-1
3	126.0	350.0	1.0	-1.0	-1
3	125.0	351.0	0.0	2.0	3
3	127.0	351.0	-2.0	3.0	3
3	130.0	349.0	3.0	0.0	3
3	130.0	352.0	2.0	3.0	3
3	133.0	354.0	2.0	1.0	3
3	134.0	356.0	-1.0	2.0	3
3	136.0	355.0	3.0	-3.0	-1
3	133.0	358.0	1.0	1.0	3
3	134.0	359.0	2.0	-1.0	-1
3	133.0	361.0	3.0	1.0	-1
3	134.0	364.0	1.0	0.0	-1
3	134.0	365.0	-1.0	0.0	3
3	134.0	364.0	2.0	-1.0	-1
3	133.0	366.0	-2.0	-1.0	3
3	132.0	364.0	-2.0	0.0	3
3	132.0	362.0	-2.0	-3.0	-1
3	129.0	360.0	2.0	-3.0	-1
3	126.0	362.0	0.0	2.0	3
3	128.0	362.0	-2.0	-1.0	-1
3	127.0	360.0	3.0	1.0	3
3	128.0	363.0	-2.0	3.0	3
3	131.0	361.0	-1.0	2.0	3
3	133.0	360.0	-3.0	3.0	3
3	136.0	357.0	-2.0	-1.0	-1
3	135.0	355.0	0.0	-1.0	-1
3	134.0	355.0	-3.0	0.0	-1
3	134.0	352.0	-3.0	2.0	3
3	136.0	349.0	3.0	1.0	3
3	137.0	352.0	0.0	-3.0	-1
3	134.0	352.0	-2.0	0.0	-1
3	134.0	350.0	-2.0	0.0	-1
3	134.0	348.0	-3.0	-3.0	-1
3	131.0	345.0	3.0	-2.0	-1
3	129.0	348.0	3.0	-2.0	-1
3	127.0	351.0	1.0	1.0	3
3	128.0	352.0	-1.0	0.0	-1
3	128.0	351.0	1.0	-2.0	-1
3	126.0	352.0	-3.0	-2.0	-1
3	124.0	349.0	-3.0	1.0	3
3	125.0	346.0	-1.0	2.0	3
3	127.0	345.0	2.0	1.0	3
3	128.0	347.0	3.0	-2.0	-1
3	126.0	350.0	-3.0	-1.0	-1
3	125.0	347.0	-1.0	-1.0	-1
3	124.0	346.0	-2.0	2.0	3
3	126.0	344.0	2.0	0.0	3
3	126.0	346.0	0.0	2.0	3
3	128.0	346.0	-3.0	0.0	-1
3	128.0	343.0	-2.0	-1.0	-1
3	127.0	341.0	2.0	-3.0	-1
3	124.0	343.0	-2.0	0.0	-1
3	124.0	341.0	2.0	-3.0	-1
3	121.0	343.0	-3.0	0.0	-1
3	121.0	340.0	-1.0	2.0	3
3	123.0	339.0	0.0	-1.0	-1
3	122.0	339.0	-1.0	-2.0	-1
3	120.0	338.0	2.0	0.0	3
3	120.0	340.0	0.0	3.0	3
3	123.0	340.0	-3.0	-1.0	-1
3	122.0	337.0	3.0	2.0	3
3	124.0	340.0	3.0	-1.0	3
3	123.0	343.0	-2.0	1.0	3
3	124.0	341.0	-2.0	-3.0	-1
3	121.0	339.0	0.0	1.0	3
3	122.0	339.0	1.0	3.0	3
3	125.0	340.0	1.0	3.0	3
3	128.0	341.0	3.0	1.0	3
3	129.0	344.0	0.0	1.0	3
3	130.0	344.0	1.0	-3.0	-1
3	127.0	345.0	2.0	-3.0	-1
3	124.0	347.0	-3.0	3.0	3
3	127.0	344.0	0.0	3.0	3
3	130.0	344.0	1.0	-3.0	-1
3	127.0	345.0	-2.0	-1.0	-1
3	126.0	343.0	1.0	-1.0	-1
3	125.0	344.0	-3.0	1.0	-1
3	126.0	341.0	0.0	0.0	-1
3	126.0	341.0	-1.0	-1.0	-1
3	125.0	340.0	0.0	-2.0	-1
3	123.0	340.0	-2.0	3.0	3
3	126.0	338.0	3.0	0.0	3
3	126.0	341.0	-2.0	0.0	-1
3	126.0	339.0	1.0	-3.0	-1
3	123.0	340.0	-1.0	1.0	3
3	124.0	339.0	0.0	0.0	-1
4	410.0	1099.0	2.0	1.0	5
4	411.0	1101.0	2.0	2.0	-1
4	413.0	1103.0	-1.0	0.0	3
4	413.0	1102.0	-1.0	0.0	3
4	413.0	1101.0	2.0	-2.0	-1
4	411.0	1103.0	-1.0	0.0	3
4	411.0	1102.0	-2.0	1.0	3
4	412.0	1100.0	-2.0	1.0	3
4	413.0	1098.0	1.0	-1.0	-1
4	412.0	1099.0	2.0	1.0	3
4	413.0	1101.0	-2.0	2.0	3
4	415.0	1099.0	-2.0	-3.0	-1
4	412.0	1097.0	2.0	2.0	3
4	414.0	1099.0	-3.0	-3.0	-1
4	411.0	1096.0	2.0	2.0	3
4	413.0	1098.0	2.0	3.0	3
4	416.0	1100.0	3.0	3.0	3
4	419.0	1103.0	-1.0	-1.0	-1
4	418.0	1102.0	3.0	2.0	3
4	420.0	1105.0	3.0	1.0	3
4	421.0	1108.0	3.0	0.0	3
4	421.0	1111.0	0.0	1.0	3
4	422.0	1111.0	1.0	0.0	3
4	422.0	1112.0	3.0	-1.0	3
4	421.0	1115.0	0.0	-3.0	-1
4	418.0	1115.0	1.0	3.0	3
4	421.0	1116.0	0.0	-2.0	-1
4	419.0	1116.0	-2.0	2.0	-1
4	421.0	1114.0	-1.0	-3.0	-1
4	418.0	1113.0	3.0	-1.0	3
4	417.0	1116.0	-1.0	-3.0	-1
4	414.0	1115.0	3.0	0.0	3
4	414.0	1118.0	0.0	2.0	3
4	416.0	1118.0	-2.0	-2.0	-1
4	414.0	1116.0	-2.0	3.0	3
4	417.0	1114.0	1.0	1.0	3
4	418.0	1115.0	3.0	0.0	3
4	418.0	1118.0	-2.0	-2.0	-1
4	416.0	1116.0	0.0	-1.0	-1
4	415.0	1116.0	1.0	1.0	3
4	416.0	1117.0	2.0	1.0	3
4	417.0	1119.0	3.0	2.0	3
4	419.0	1122.0	-2.0	-1.0	-1
4	418.0	1120.0	0.0	3.0	3
4	421.0	1120.0	-2.0	1.0	-1
4	422.0	1118.0	-3.0	-1.0	-1
4	421.0	1115.0	-2.0	0.0	-1
4	421.0	1113.0	1.0	1.0	3
4	422.0	1114.0	2.0	0.0	3
4	422.0	1116.0	-2.0	-3.0	-1
4	419.0	1114.0	3.0	3.0	3
4	422.0	1117.0	0.0	-1.0	-1
4	421.0	1117.0	3.0	-2.0	3
4	419.0	1120.0	2.0	-1.0	3
4	418.0	1122.0	2.0	0.0	3
4	418.0	1124.0	3.0	1.0	3
4	419.0	1127.0	0.0	2.0	3
4	421.0	1127.0	2.0	1.0	3
4	422.0	1129.0	-3.0	-1.0	-1
4	421.0	1126.0	3.0	-3.0	3
4	418.0	1129.0	0.0	2.0	3
4	420.0	1129.0	0.0	1.0	3
4	421.0	1129.0	0.0	-2.0	-1
4	419.0	1129.0	1.0	0.0	3
4	419.0	1130.0	2.0	-1.0	3
4	418.0	1132.0	2.0	1.0	3
4	419.0	1134.0	0.0	0.0	-1
4	419.0	1134.0	3.0	-1.0	3
4	418.0	1137.0	1.0	2.0	3
4	420.0	1138.0	2.0	0.0	3
4	420.0	1140.0	0.0	2.0	3
4	422.0	1140.0	3.0	-1.0	3
4	421.0	1143.0	1.0	-1.0	-1
4	420.0	1144.0	3.0	0.0	3
4	420.0	1147.0	-2.0	2.0	3
4	422.0	1145.0	0.0	3.0	3
4	425.0	1145.0	-2.0	3.0	3
4	428.0	1143.0	0.0	-1.0	-1
4	427.0	1143.0	2.0	-1.0	3
4	426.0	1145.0	3.0	3.0	3
4	429.0	1148.0	3.0	3.0	3
4	432.0	1151.0	2.0	-1.0	3
4	431.0	1153.0	-1.0	0.0	-1
4	431.0	1152.0	-1.0	0.0	-1
4	431.0	1151.0	-2.0	3.0	3
4	434.0	1149.0	-1.0	-1.0	-1
4	433.0	1148.0	1.0	2.0	3
4	435.0	1149.0	-1.0	3.0	3
4	438.0	1148.0	3.0	-3.0	3
4	435.0	1151.0	-1.0	2.0	3
4	437.0	1150.0	0.0	2.0	3
4	439.0	1150.0	-3.0	3.0	-1
4	442.0	1147.0	2.0	-3.0	-1
4	439.0	1149.0	-2.0	-3.0	-1
4	436.0	1147.0	2.0	-3.0	-1
4	433.0	1149.0	1.0	-1.0	-1
4	432.0	1150.0	-2.0	-3.0	-1
4	429.0	1148.0	3.0	2.0	3
4	431.0	1151.0	2.0	-1.0	3
4	430.0	1153.0	-1.0	-2.0	-1
4	428.0	1152.0	-2.0	3.0	3
4	431.0	1150.0	-1.0	1.0	3
4	432.0	1149.0	1.0	0.0	3
4	432.0	1150.0	1.0	3.0	3
4	435.0	1151.0	3.0	1.0	3
4	436.0	1154.0	-1.0	-2.0	-1
4	434.0	1153.0	1.0	3.0	3
4	437.0	1154.0	3.0	2.0	3
4	439.0	1157.0	-1.0	-2.0	-1
4	437.0	1156.0	2.0	-2.0	-1
4	435.0	1158.0	3.0	3.0	3
4	438.0	1161.0	-3.0	-3.0	-1
4	435.0	1158.0	1.0	3.0	3
4	438.0	1159.0	-2.0	3.0	3
4	441.0	1157.0	1.0	2.0	3
4	443.0	1158.0	-1.0	2.0	3
4	445.0	1157.0	-2.0	1.0	-1
4	446.0	1155.0	1.0	-1.0	3
4	445.0	1156.0	1.0	-2.0	-1
4	443.0	1157.0	3.0	1.0	3
4	444.0	1160.0	3.0	-2.0	3
4	442.0	1163.0	-2.0	0.0	-1
4	442.0	1161.0	-3.0	2.0	-1
4	444.0	1158.0	0.0	-2.0	-1
4	442.0	1158.0	2.0	-3.0	-1
4	439.0	1160.0	3.0	1.0	3
4	440.0	1163.0	-1.0	2.0	3
4	442.0	1162.0	2.0	3.0	3
4	445.0	1164.0	3.0	-3.0	-1
4	442.0	1167.0	3.0	-1.0	3
4	441.0	1170.0	1.0	3.0	3
4	444.0	1171.0	3.0	-1.0	3
4	443.0	1174.0	-1.0	-1.0	-1
4	442.0	1173.0	3.0	-2.0	-1
4	440.0	1176.0	3.0	-1.0	-1
4	439.0	1179.0	3.0	0.0	3
4	439.0	1182.0	2.0	2.0	3
4	441.0	1184.0	-3.0	0.0	-1
4	441.0	1181.0	1.0	-2.0	-1
4	439.0	1182.0	-2.0	2.0	3
4	441.0	1180.0	3.0	0.0	3
4	441.0	1183.0	-2.0	-2.0	-1
4	439.0	1181.0	-1.0	-1.0	-1
4	438.0	1180.0	0.0	-2.0	-1
4	436.0	1180.0	-1.0	2.0	3
4	438.0	1179.0	3.0	-1.0	-1
4	437.0	1182.0	0.0	-3.0	-1
4	434.0	1182.0	0.0	2.0	3
4	436.0	1182.0	0.0	-3.0	-1
4	433.0	1182.0	3.0	3.0	3
4	436.0	1185.0	-2.0	-3.0	-1
4	433.0	1183.0	2.0	1.0	3
4	434.0	1185.0	2.0	1.0	3
4	435.0	1187.0	0.0	2.0	3
4	437.0	1187.0	1.0	2.0	3
4	439.0	1188.0	-3.0	0.0	-1
4	439.0	1185.0	3.0	3.0	3
4	442.0	1188.0	2.0	2.0	3
4	444.0	1190.0	-2.0	-3.0	-1
4	441.0	1188.0	-1.0	3.0	3
4	444.0	1187.0	-3.0	2.0	3
4	446.0	1184.0	0.0	2.0	3
4	448.0	1184.0	1.0	-3.0	-1
4	445.0	1185.0	3.0	-3.0	-1
4	442.0	1188.0	3.0	2.0	3
4	444.0	1191.0	1.0	2.0	3
4	446.0	1192.0	0.0	2.0	3
4	448.0	1192.0	-1.0	-3.0	-1
4	445.0	1191.0	3.0	-3.0	-1
4	442.0	1194.0	0.0	1.0	3
4	443.0	1194.0	2.0	1.0	3
4	444.0	1196.0	2.0	1.0	3
4	445.0	1198.0	-2.0	3.0	3
4	448.0	1196.0	2.0	-2.0	-1
4	446.0	1198.0	-2.0	0.0	3
4	446.0	1196.0	-2.0	-1.0	-1
4	445.0	1194.0	1.0	-2.0	-1
4	443.0	1195.0	3.0	1.0	3
4	444.0	1198.0	0.0	1.0	3
4	445.0	1198.0	-3.0	2.0	3
4	447.0	1195.0	2.0	-1.0	-1
4	446.0	1197.0	-1.0	2.0	3
4	448.0	1196.0	-2.0	0.0	3
4	448.0	1194.0	-3.0	-3.0	-1
4	445.0	1191.0	-2.0	-2.0	-1
4	443.0	1189.0	0.0	-1.0	-1
4	442.0	1189.0	1.0	3.0	3
4	445.0	1190.0	1.0	-2.0	-1
4	443.0	1191.0	0.0	-1.0	-1
4	442.0	1191.0	3.0	-2.0	-1
4	440.0	1194.0	-2.0	0.0	3
4	440.0	1192.0	1.0	-3.0	-1
4	437.0	1193.0	-2.0	-3.0	-1
4	434.0	1191.0	-1.0	2.0	3
4	436.0	1190.0	-2.0	2.0	3
4	438.0	1188.0	-2.0	0.0	-1
4	438.0	1186.0	3.0	-1.0	-1
4	437.0	1189.0	0.0	3.0	3
4	440.0	1189.0	0.0	0.0	-1
4	440.0	1189.0	-3.0	3.0	3
4	443.0	1186.0	3.0	2.0	3
4	445.0	1189.0	3.0	-2.0	-1
4	443.0	1192.0	-3.0	-3.0	-1
4	440.0	1189.0	-3.0	-3.0	-1
4	437.0	1186.0	2.0	0.0	3
4	437.0	1188.0	2.0	1.0	3
4	438.0	1190.0	-1.0	-3.0	-1
4	435.0	1189.0	0.0	-2.0	-1
4	433.0	1189.0	2.0	2.0	3
4	435.0	1191.0	-1.0	0.0	3
4	435.0	1190.0	-2.0	-2.0	-1
4	433.0	1188.0	-3.0	-2.0	-1
4	431.0	1185.0	-1.0	-3.0	-1
4	428.0	1184.0	2.0	-2.0	-1
4	426.0	1186.0	-1.0	1.0	3
4	427.0	1185.0	1.0	3.0	3
4	430.0	1186.0	-2.0	2.0	3
4	432.0	1184.0	-3.0	3.0	3
4	435.0	1181.0	2.0	3.0	3
4	438.0	1183.0	-3.0	-1.0	-1
4	437.0	1180.0	3.0	3.0	3
4	440.0	1183.0	-2.0	0.0	-1
4	440.0	1181.0	-3.0	3.0	3
4	443.0	1178.0	3.0	-2.0	-1
4	441.0	1181.0	-1.0	-3.0	-1
4	438.0	1180.0	2.0	2.0	3
4	440.0	1182.0	-1.0	3.0	3
4	443.0	1181.0	2.0	-3.0	-1
4	440.0	1183.0	1.0	1.0	3
4	441.0	1184.0	-1.0	2.0	3
4	443.0	1183.0	-1.0	-2.0	-1
4	441.0	1182.0	-3.0	2.0	3
4	443.0	1179.0	-3.0	2.0	3
4	445.0	1176.0	-3.0	-3.0	-1
4	442.0	1173.0	-3.0	0.0	-1
4	442.0	1170.0	2.0	-1.0	3
4	441.0	1172.0	-1.0	0.0	-1
4	441.0	1171.0	-1.0	-3.0	-1
4	438.0	1170.0	0.0	3.0	3
4	441.0	1170.0	0.0	2.0	3
4	443.0	1170.0	-1.0	-1.0	-1
4	442.0	1169.0	3.0	1.0	3
4	443.0	1172.0	-3.0	-1.0	-1
4	442.0	1169.0	3.0	3.0	3
4	445.0	1172.0	1.0	1.0	3
4	446.0	1173.0	1.0	-2.0	-1
4	444.0	1174.0	0.0	0.0	-1
4	444.0	1174.0	3.0	3.0	3
4	447.0	1177.0	3.0	1.0	3
4	448.0	1180.0	2.0	-3.0	-1
4	445.0	1182.0	2.0	-2.0	-1
4	443.0	1184.0	-1.0	-3.0	-1
4	440.0	1183.0	3.0	-3.0	-1
4	437.0	1186.0	-3.0	0.0	-1
4	437.0	1183.0	2.0	0.0	3
4	437.0	1185.0	-1.0	3.0	3
4	440.0	1184.0	-2.0	2.0	3
4	442.0	1182.0	-2.0	0.0	-1
4	442.0	1180.0	0.0	-3.0	-1
4	439.0	1180.0	-3.0	1.0	3
4	440.0	1177.0	2.0	1.0	3
4	441.0	1179.0	2.0	1.0	3
4	442.0	1181.0	0.0	3.0	3
4	445.0	1181.0	3.0	2.0	3
4	447.0	1184.0	1.0	3.0	3
4	450.0	1185.0	-2.0	2.0	3
4	452.0	1183.0	-2.0	-3.0	-1
4	449.0	1181.0	-1.0	0.0	-1
4	449.0	1180.0	3.0	-3.0	-1
4	446.0	1183.0	-3.0	-3.0	-1
4	443.0	1180.0	2.0	2.0	3
4	445.0	1182.0	0.0	-1.0	-1
4	444.0	1182.0	-3.0	-2.0	-1
4	442.0	1179.0	-3.0	0.0	-1
4	442.0	1176.0	1.0	-2.0	-1
4	440.0	1177.0	1.0	-1.0	-1
4	439.0	1178.0	0.0	0.0	-1
4	439.0	1178.0	-2.0	-1.0	-1
4	438.0	1176.0	0.0	3.0	3
4	441.0	1176.0	0.0	2.0	3
4	443.0	1176.0	2.0	1.0	3
4	444.0	1178.0	-2.0	-2.0	-1
4	442.0	1176.0	-1.0	3.0	3
4	445.0	1175.0	0.0	0.0	-1
4	445.0	1175.0	-2.0	1.0	-1
4	446.0	1173.0	3.0	-2.0	-1
4	444.0	1176.0	-1.0	-3.0	-1
4	441.0	1175.0	-1.0	-1.0	-1
4	440.0	1174.0	2.0	3.0	3
4	443.0	1176.0	1.0	-2.0	-1
4	441.0	1177.0	-2.0	1.0	3
4	442.0	1175.0	3.0	-2.0	-1
4	440.0	1178.0	-3.0	3.0	3
4	443.0	1175.0	-1.0	1.0	3
4	444.0	1174.0	3.0	0.0	3
4	444.0	1177.0	-2.0	-3.0	-1
4	441.0	1175.0	1.0	1.0	3
4	442.0	1176.0	1.0	-3.0	-1
4	439.0	1177.0	3.0	3.0	3
4	442.0	1180.0	-1.0	1.0	3
4	443.0	1179.0	-2.0	0.0	-1
4	443.0	1177.0	1.0	-3.0	-1
4	440.0	1178.0	-1.0	-3.0	-1
4	437.0	1177.0	0.0	-3.0	-1
4	434.0	1177.0	-3.0	-3.0	-1
4	431.0	1174.0	1.0	-1.0	-1
4	430.0	1175.0	-1.0	-1.0	-1
4	429.0	1174.0	3.0	3.0	3
4	432.0	1177.0	-2.0	-2.0	-1
4	430.0	1175.0	3.0	-1.0	-1
4	429.0	1178.0	1.0	-2.0	-1
4	427.0	1179.0	-3.0	-2.0	-1
4	425.0	1176.0	2.0	1.0	3
4	426.0	1178.0	-1.0	3.0	3
4	429.0	1177.0	1.0	-2.0	-1
4	427.0	1178.0	0.0	3.0	3
4	430.0	1178.0	1.0	-1.0	-1
4	429.0	1179.0	0.0	1.0	3
4	430.0	1179.0	1.0	2.0	3
4	432.0	1180.0	-2.0	0.0	-1
4	432.0	1178.0	-2.0	-3.0	-1
4	429.0	1176.0	-3.0	1.0	3
4	430.0	1173.0	1.0	0.0	3
4	430.0	1174.0	-2.0	-2.0	-1
4	428.0	1172.0	0.0	0.0	-1
4	428.0	1172.0	-3.0	-3.0	-1
4	425.0	1169.0	-2.0	1.0	3
4	426.0	1167.0	-3.0	2.0	3
4	428.0	1164.0	0.0	2.0	3
4	430.0	1164.0	-3.0	-1.0	-1
4	429.0	1161.0	-1.0	-3.0	-1
4	426.0	1160.0	-2.0	0.0	-1
4	426.0	1158.0	1.0	-1.0	-1
4	425.0	1159.0	2.0	1.0	3
4	426.0	1161.0	-1.0	-3.0	-1
4	423.0	1160.0	-2.0	3.0	3
4	426.0	1158.0	3.0	-3.0	-1
4	423.0	1161.0	2.0	-2.0	-1
4	421.0	1163.0	3.0	-2.0	-1
4	419.0	1166.0	-2.0	-1.0	-1
4	418.0	1164.0	2.0	0.0	3
4	418.0	1166.0	-1.0	-2.0	-1
4	416.0	1165.0	3.0	1.0	3
4	417.0	1168.0	-3.0	3.0	3
4	420.0	1165.0	1.0	2.0	3
4	422.0	1166.0	3.0	-2.0	-1
4	420.0	1169.0	0.0	-3.0	-1
4	417.0	1169.0	2.0	-1.0	-1
4	416.0	1171.0	-1.0	-2.0	-1
4	414.0	1170.0	2.0	2.0	3
4	416.0	1172.0	-2.0	2.0	3
4	418.0	1170.0	-3.0	1.0	-1
4	419.0	1167.0	-2.0	-1.0	-1
4	418.0	1165.0	-1.0	-3.0	-1
4	415.0	1164.0	0.0	1.0	3
4	416.0	1164.0	0.0	3.0	3
4	419.0	1164.0	-3.0	-2.0	-1
4	417.0	1161.0	2.0	-1.0	-1
4	416.0	1163.0	-2.0	-2.0	-1
4	414.0	1161.0	-2.0	-1.0	-1
4	413.0	1159.0	3.0	-1.0	3
4	412.0	1162.0	-3.0	-2.0	-1
4	410.0	1159.0	-2.0	-2.0	-1
4	408.0	1157.0	1.0	-1.0	-1
4	407.0	1158.0	2.0	3.0	3
4	410.0	1160.0	0.0	2.0	3
4	412.0	1160.0	2.0	-3.0	-1
4	409.0	1162.0	-2.0	3.0	3
4	412.0	1160.0	-1.0	0.0	-1
4	412.0	1159.0	-2.0	0.0	-1
4	412.0	1157.0	3.0	0.0	3
4	412.0	1160.0	3.0	2.0	3
4	414.0	1163.0	-1.0	3.0	3
4	417.0	1162.0	-1.0	-2.0	-1
4	415.0	1161.0	-3.0	2.0	3
4	417.0	1158.0	1.0	1.0	3
4	418.0	1159.0	2.0	-3.0	-1
4	415.0	1161.0	3.0	2.0	3
4	417.0	1164.0	-2.0	-3.0	-1
4	414.0	1162.0	3.0	-3.0	-1
4	411.0	1165.0	0.0	1.0	3
4	412.0	1165.0	-3.0	-2.0	-1
4	410.0	1162.0	-1.0	-3.0	-1
4	407.0	1161.0	1.0	-1.0	-1
4	406.0	1162.0	0.0	-2.0	-1
4	404.0	1162.0	-2.0	1.0	3
4	405.0	1160.0	3.0	-2.0	-1
4	403.0	1163.0	-3.0	-1.0	-1
4	402.0	1160.0	3.0	3.0	3
4	405.0	1163.0	0.0	-2.0	-1
4	403.0	1163.0	1.0	0.0	3
4	403.0	1164.0	3.0	2.0	3
4	405.0	1167.0	2.0	-3.0	-1
4	402.0	1169.0	1.0	-3.0	-1
4	399.0	1170.0	3.0	2.0	3
4	401.0	1173.0	2.0	0.0	3
4	401.0	1175.0	-2.0	-3.0	-1
4	398.0	1173.0	2.0	-2.0	-1
4	396.0	1175.0	0.0	2.0	3
4	398.0	1175.0	-2.0	-3.0	-1
4	395.0	1173.0	3.0	2.0	3
4	397.0	1176.0	0.0	3.0	3
4	400.0	1176.0	2.0	0.0	3
4	400.0	1178.0	-1.0	0.0	-1
4	400.0	1177.0	-3.0	1.0	3
4	401.0	1174.0	-1.0	-3.0	-1
4	398.0	1173.0	-1.0	1.0	3
4	399.0	1172.0	-2.0	1.0	3
4	400.0	1170.0	-3.0	-3.0	-1
4	397.0	1167.0	1.0	-2.0	-1
4	395.0	1168.0	3.0	2.0	3
4	397.0	1171.0	1.0	1.0	3
4	398.0	1172.0	2.0	-3.0	-1
4	395.0	1174.0	-2.0	-3.0	-1
4	392.0	1172.0	1.0	0.0	3
4	392.0	1173.0	2.0	-3.0	-1
4	389.0	1175.0	-2.0	0.0	-1
4	389.0	1173.0	-1.0	-3.0	-1
4	386.0	1172.0	2.0	0.0	3
4	386.0	1174.0	2.0	-3.0	-1
4	383.0	1176.0	0.0	1.0	3
4	384.0	1176.0	-2.0	-1.0	-1
4	383.0	1174.0	-1.0	0.0	-1
4	383.0	1173.0	3.0	-3.0	-1
4	380.0	1176.0	2.0	3.0	3
4	383.0	1178.0	3.0	0.0	3
4	383.0	1181.0	1.0	1.0	3
4	384.0	1182.0	1.0	-3.0	-1
4	381.0	1183.0	-1.0	1.0	3
4	382.0	1182.0	3.0	-3.0	-1
4	379.0	1185.0	-1.0	1.0	3
4	380.0	1184.0	-1.0	-3.0	-1
4	377.0	1183.0	-3.0	-3.0	-1
4	374.0	1180.0	1.0	-2.0	-1
4	372.0	1181.0	-2.0	3.0	3
4	375.0	1179.0	1.0	0.0	3
4	375.0	1180.0	-2.0	0.0	-1
4	375.0	1178.0	1.0	-3.0	-1
4	372.0	1179.0	0.0	-1.0	-1
4	371.0	1179.0	3.0	-2.0	-1
4	369.0	1182.0	-2.0	1.0	3
4	370.0	1180.0	-1.0	1.0	3
4	371.0	1179.0	-3.0	1.0	3
4	372.0	1176.0	2.0	-3.0	-1
4	369.0	1178.0	-1.0	-1.0	-1
4	368.0	1177.0	2.0	0.0	3
4	368.0	1179.0	-3.0	3.0	3
4	371.0	1176.0	2.0	-3.0	-1
4	368.0	1178.0	-1.0	-2.0	-1
4	366.0	1177.0	-1.0	-2.0	-1
4	364.0	1176.0	-2.0	0.0	-1
4	364.0	1174.0	-1.0	-2.0	-1
4	362.0	1173.0	-3.0	3.0	3
4	365.0	1170.0	2.0	-1.0	-1
4	364.0	1172.0	3.0	-3.0	-1
4	361.0	1175.0	2.0	0.0	3
4	361.0	1177.0	-3.0	3.0	3
4	364.0	1174.0	3.0	-2.0	-1
4	362.0	1177.0	-2.0	0.0	-1
4	362.0	1175.0	-2.0	2.0	3
4	364.0	1173.0	0.0	-1.0	-1
4	363.0	1173.0	3.0	3.0	3
4	366.0	1176.0	0.0	0.0	-1
4	366.0	1176.0	-1.0	-2.0	-1
4	364.0	1175.0	1.0	-1.0	-1
4	363.0	1176.0	3.0	3.0	3
4	366.0	1179.0	0.0	-2.0	-1
4	364.0	1179.0	-1.0	-1.0	-1
4	363.0	1178.0	3.0	3.0	3
4	366.0	1181.0	3.0	-2.0	-1
4	364.0	1184.0	-3.0	-3.0	-1
4	361.0	1181.0	-2.0	-3.0	-1
4	358.0	1179.0	3.0	-2.0	-1
4	356.0	1182.0	-3.0	-3.0	-1
4	353.0	1179.0	-2.0	-3.0	-1
4	350.0	1177.0	-2.0	3.0	3
4	353.0	1175.0	0.0	-3.0	-1
4	350.0	1175.0	3.0	1.0	3
4	351.0	1178.0	-2.0	-1.0	-1
4	350.0	1176.0	-2.0	-1.0	-1
4	349.0	1174.0	-3.0	-3.0	-1
4	346.0	1171.0	-1.0	-2.0	-1
4	344.0	1170.0	3.0	1.0	3
4	345.0	1173.0	-2.0	2.0	3
4	347.0	1171.0	-2.0	-2.0	-1
4	345.0	1169.0	-3.0	-2.0	-1
4	343.0	1166.0	3.0	1.0	3
4	344.0	1169.0	1.0	-2.0	-1
4	342.0	1170.0	0.0	0.0	-1
4	342.0	1170.0	-3.0	0.0	-1
4	342.0	1167.0	0.0	-3.0	-1
4	339.0	1167.0	-3.0	-2.0	-1
4	337.0	1164.0	0.0	-2.0	-1
4	335.0	1164.0	2.0	-3.0	-1
4	332.0	1166.0	-3.0	2.0	3
4	334.0	1163.0	0.0	0.0	-1
4	334.0	1163.0	1.0	1.0	3
4	335.0	1164.0	-2.0	2.0	3
4	337.0	1162.0	2.0	-2.0	-1
4	335.0	1164.0	-3.0	-1.0	-1
4	334.0	1161.0	-3.0	3.0	3
4	337.0	1158.0	-2.0	2.0	3
4	339.0	1156.0	-1.0	2.0	3
4	341.0	1155.0	1.0	3.0	3
4	344.0	1156.0	1.0	2.0	3
4	346.0	1157.0	-1.0	-1.0	-1
4	345.0	1156.0	-2.0	1.0	3
4	346.0	1154.0	-1.0	1.0	3
4	347.0	1153.0	-1.0	-2.0	-1
4	345.0	1152.0	2.0	-2.0	-1
4	343.0	1154.0	3.0	2.0	3
4	345.0	1157.0	-3.0	0.0	-1
4	345.0	1154.0	-3.0	1.0	3
4	346.0	1151.0	-3.0	1.0	3
4	347.0	1148.0	2.0	-1.0	-1
4	346.0	1150.0	0.0	-1.0	-1
4	345.0	1150.0	-2.0	-1.0	-1
4	344.0	1148.0	1.0	3.0	3
4	347.0	1149.0	-1.0	-2.0	-1
4	345.0	1148.0	0.0	-1.0	-1
4	344.0	1148.0	1.0	-2.0	-1
4	342.0	1149.0	3.0	-2.0	-1
4	340.0	1152.0	-2.0	0.0	-1
4	340.0	1150.0	-3.0	2.0	3
4	342.0	1147.0	-2.0	3.0	3
4	345.0	1145.0	-1.0	0.0	-1
4	345.0	1144.0	-3.0	1.0	-1
4	346.0	1141.0	1.0	2.0	3
4	348.0	1142.0	-3.0	1.0	-1
4	349.0	1139.0	0.0	-2.0	-1
4	347.0	1139.0	-2.0	3.0	3
4	350.0	1137.0	-3.0	2.0	3
4	352.0	1134.0	-1.0	-2.0	-1
4	350.0	1133.0	-3.0	2.0	3
4	352.0	1130.0	-3.0	-3.0	-1
4	349.0	1127.0	3.0	0.0	3
4	349.0	1130.0	2.0	-2.0	-1
4	347.0	1132.0	-2.0	2.0	3
4	349.0	1130.0	-2.0	-2.0	-1
4	347.0	1128.0	2.0	1.0	3
4	348.0	1130.0	3.0	0.0	3
4	348.0	1133.0	2.0	-3.0	-1
4	345.0	1135.0	0.0	-1.0	-1
4	344.0	1135.0	-1.0	-2.0	-1
4	342.0	1134.0	0.0	-2.0	-1
4	340.0	1134.0	3.0	-1.0	3
4	339.0	1137.0	-2.0	-1.0	-1
4	338.0	1135.0	-2.0	0.0	-1
4	338.0	1133.0	0.0	2.0	3
4	340.0	1133.0	-2.0	0.0	-1
4	340.0	1131.0	-2.0	1.0	3
4	341.0	1129.0	2.0	0.0	3
4	341.0	1131.0	2.0	3.0	3
4	344.0	1133.0	-2.0	3.0	3
4	347.0	1131.0	-3.0	3.0	3
4	350.0	1128.0	3.0	-3.0	-1
4	347.0	1131.0	1.0	0.0	3
4	347.0	1132.0	1.0	-3.0	-1
4	344.0	1133.0	1.0	0.0	3
4	344.0	1134.0	1.0	3.0	3
4	347.0	1135.0	-2.0	2.0	3
4	349.0	1133.0	1.0	-2.0	-1
4	347.0	1134.0	1.0	-1.0	-1
4	346.0	1135.0	-1.0	1.0	3
4	347.0	1134.0	-1.0	-1.0	-1
4	346.0	1133.0	0.0	-3.0	-1
4	343.0	1133.0	1.0	-1.0	-1
4	342.0	1134.0	-3.0	-3.0	-1
4	339.0	1131.0	-2.0	-2.0	-1
4	337.0	1129.0	-3.0	-1.0	-1
4	336.0	1126.0	3.0	1.0	3
4	337.0	1129.0	2.0	2.0	3
4	339.0	1131.0	-3.0	2.0	3
4	341.0	1128.0	-2.0	3.0	3
4	344.0	1126.0	-1.0	-1.0	-1
4	343.0	1125.0	-1.0	2.0	3
4	345.0	1124.0	1.0	2.0	3
4	347.0	1125.0	0.0	0.0	-1
4	347.0	1125.0	1.0	2.0	3
4	349.0	1126.0	-2.0	2.0	3
4	351.0	1124.0	-2.0	-1.0	-1
4	350.0	1122.0	3.0	0.0	3
4	350.0	1125.0	-1.0	0.0	-1
4	350.0	1124.0	3.0	3.0	3
4	353.0	1127.0	2.0	2.0	3
4	355.0	1129.0	-1.0	-1.0	-1
4	354.0	1128.0	-3.0	2.0	3
4	356.0	1125.0	3.0	-1.0	3
4	355.0	1128.0	0.0	-2.0	-1
4	353.0	1128.0	2.0	3.0	3
4	356.0	1130.0	-1.0	1.0	3
4	357.0	1129.0	-1.0	-2.0	-1
4	355.0	1128.0	-2.0	1.0	-1
4	356.0	1126.0	-3.0	-3.0	-1
4	353.0	1123.0	-1.0	1.0	3
4	354.0	1122.0	-3.0	2.0	3
4	356.0	1119.0	2.0	-3.0	-1
4	353.0	1121.0	2.0	-2.0	-1
4	351.0	1123.0	2.0	-1.0	3
4	350.0	1125.0	0.0	-1.0	-1
4	349.0	1125.0	0.0	3.0	3
4	352.0	1125.0	-3.0	3.0	3
4	355.0	1122.0	0.0	0.0	-1
4	355.0	1122.0	1.0	3.0	3
4	358.0	1123.0	-3.0	-2.0	-1
4	356.0	1120.0	-3.0	3.0	3
4	359.0	1117.0	-3.0	2.0	3
4	361.0	1114.0	1.0	-3.0	-1
4	358.0	1115.0	2.0	3.0	3
4	361.0	1117.0	0.0	0.0	-1
4	361.0	1117.0	2.0	0.0	3
4	361.0	1119.0	3.0	2.0	3
4	363.0	1122.0	1.0	-1.0	-1
4	362.0	1123.0	0.0	0.0	-1
4	362.0	1123.0	2.0	-2.0	-1
4	360.0	1125.0	-2.0	-3.0	-1
4	357.0	1123.0	-3.0	3.0	3
4	360.0	1120.0	0.0	0.0	-1
5	506.0	324.0	-1.0	0.0	5
5	506.0	323.0	-1.0	1.0	-1
5	507.0	322.0	3.0	1.0	-1
5	508.0	325.0	3.0	-2.0	3
5	506.0	328.0	-3.0	-1.0	3
5	505.0	325.0	1.0	-2.0	3
5	503.0	326.0	2.0	3.0	-1
5	506.0	328.0	2.0	-1.0	3
5	505.0	330.0	3.0	1.0	-1
5	506.0	333.0	2.0	-3.0	3
5	503.0	335.0	-2.0	3.0	-1
5	506.0	333.0	1.0	1.0	-1
5	507.0	334.0	3.0	2.0	-1
5	509.0	337.0	1.0	-3.0	3
5	506.0	338.0	-2.0	1.0	-1
5	507.0	336.0	1.0	-2.0	3
5	505.0	337.0	-2.0	-2.0	3
5	503.0	335.0	0.0	-1.0	3
5	502.0	335.0	-3.0	-2.0	3
5	500.0	332.0	1.0	2.0	-1
5	502.0	333.0	0.0	1.0	-1
5	503.0	333.0	0.0	2.0	-1
5	505.0	333.0	3.0	1.0	-1
5	506.0	336.0	-2.0	-1.0	3
5	505.0	334.0	0.0	0.0	-1
5	505.0	334.0	-2.0	0.0	3
5	505.0	332.0	2.0	-3.0	3
5	502.0	334.0	3.0	-3.0	3
5	499.0	337.0	-3.0	2.0	-1
5	501.0	334.0	1.0	-3.0	3
5	498.0	335.0	3.0	-2.0	3
5	496.0	338.0	1.0	-2.0	3
5	494.0	339.0	-1.0	3.0	-1
5	497.0	338.0	-1.0	-3.0	3
5	494.0	337.0	-3.0	-1.0	3
5	493.0	334.0	-1.0	2.0	-1
5	495.0	333.0	3.0	1.0	-1
5	496.0	336.0	0.0	-3.0	3
5	493.0	336.0	1.0	-2.0	3
5	491.0	337.0	3.0	-3.0	3
5	488.0	340.0	0.0	2.0	-1
5	490.0	340.0	1.0	-1.0	3
5	489.0	341.0	-2.0	-3.0	3
5	486.0	339.0	2.0	-3.0	3
5	483.0	341.0	0.0	-3.0	3
5	480.0	341.0	-2.0	1.0	3
5	481.0	339.0	0.0	-1.0	3
5	480.0	339.0	1.0	1.0	-1
5	481.0	340.0	3.0	0.0	-1
5	481.0	343.0	2.0	-1.0	-1
5	480.0	345.0	-2.0	-1.0	3
5	479.0	343.0	1.0	0.0	-1
5	479.0	344.0	-1.0	1.0	3
5	480.0	343.0	0.0	2.0	-1
5	482.0	343.0	3.0	-2.0	-1
5	480.0	346.0	0.0	-1.0	3
5	479.0	346.0	1.0	-3.0	3
5	476.0	347.0	1.0	2.0	-1
5	478.0	348.0	-1.0	1.0	3
5	479.0	347.0	2.0	0.0	-1
5	479.0	349.0	3.0	1.0	-1
5	480.0	352.0	-2.0	-2.0	3
5	478.0	350.0	2.0	3.0	-1
5	481.0	352.0	-1.0	3.0	-1
5	484.0	351.0	-3.0	0.0	3
5	484.0	348.0	-2.0	-3.0	3
5	481.0	346.0	0.0	-1.0	3
5	480.0	346.0	-2.0	3.0	-1
5	483.0	344.0	0.0	-3.0	3
5	480.0	344.0	2.0	1.0	-1
5	481.0	346.0	-3.0	1.0	3
5	482.0	343.0	2.0	0.0	-1
5	482.0	345.0	-3.0	-1.0	3
5	481.0	342.0	-1.0	-3.0	3
5	478.0	341.0	2.0	3.0	-1
5	481.0	343.0	1.0	0.0	-1
5	481.0	344.0	3.0	-1.0	-1
5	480.0	347.0	-1.0	3.0	-1
5	483.0	346.0	-3.0	1.0	3
5	484.0	343.0	1.0	1.0	-1
5	485.0	344.0	-1.0	1.0	-1
5	486.0	343.0	3.0	1.0	-1
5	487.0	346.0	1.0	0.0	-1
5	487.0	347.0	2.0	1.0	-1
5	488.0	349.0	1.0	-2.0	3
5	486.0	350.0	1.0	0.0	-1
5	486.0	351.0	2.0	-2.0	-1
5	484.0	353.0	0.0	-3.0	3
5	481.0	353.0	3.0	-1.0	-1
5	480.0	356.0	-3.0	1.0	3
5	481.0	353.0	-1.0	-3.0	3
5	478.0	352.0	0.0	0.0	-1
5	478.0	352.0	-3.0	-1.0	3
5	477.0	349.0	0.0	3.0	-1
5	480.0	349.0	-1.0	1.0	3
5	481.0	348.0	0.0	-1.0	3
5	480.0	348.0	2.0	0.0	-1
5	480.0	350.0	-1.0	0.0	3
5	480.0	349.0	-1.0	-2.0	3
5	478.0	348.0	2.0	-2.0	-1
5	476.0	350.0	0.0	1.0	-1
5	477.0	350.0	-1.0	1.0	3
5	478.0	349.0	3.0	1.0	-1
5	479.0	352.0	-3.0	-3.0	3
5	476.0	349.0	0.0	0.0	-1
5	476.0	349.0	3.0	0.0	-1
5	476.0	352.0	-2.0	1.0	3
5	477.0	350.0	-2.0	-3.0	3
5	474.0	348.0	2.0	0.0	-1
5	474.0	350.0	2.0	-1.0	-1
5	473.0	352.0	-1.0	0.0	3
5	473.0	351.0	3.0	0.0	-1
5	473.0	354.0	2.0	-2.0	-1
5	471.0	356.0	-3.0	1.0	3
5	472.0	353.0	0.0	-1.0	3
5	471.0	353.0	0.0	2.0	-1
5	473.0	353.0	2.0	1.0	-1
5	474.0	355.0	0.0	2.0	-1
5	476.0	355.0	-2.0	0.0	3
5	476.0	353.0	-1.0	-3.0	3
5	473.0	352.0	-1.0	3.0	-1
5	476.0	351.0	-2.0	2.0	3
5	478.0	349.0	1.0	3.0	-1
5	481.0	350.0	3.0	-3.0	-1
5	478.0	353.0	-3.0	-3.0	3
5	475.0	350.0	3.0	-2.0	-1
5	473.0	353.0	1.0	0.0	-1
5	473.0	354.0	0.0	-2.0	3
5	471.0	354.0	-1.0	-1.0	3
5	470.0	353.0	-3.0	3.0	3
5	473.0	350.0	2.0	-3.0	-1
5	470.0	352.0	0.0	-2.0	3
5	468.0	352.0	1.0	1.0	-1
5	469.0	353.0	-3.0	-2.0	3
5	467.0	350.0	0.0	-3.0	3
5	464.0	350.0	2.0	-1.0	-1
5	463.0	352.0	3.0	1.0	-1
5	464.0	355.0	1.0	3.0	-1
5	467.0	356.0	0.0	1.0	-1
5	468.0	356.0	1.0	0.0	-1
5	468.0	357.0	-3.0	3.0	3
5	471.0	354.0	3.0	-3.0	-1
5	468.0	357.0	-3.0	-3.0	3
5	465.0	354.0	2.0	3.0	-1
5	468.0	356.0	2.0	0.0	-1
5	468.0	358.0	1.0	0.0	-1
5	468.0	359.0	0.0	1.0	-1
5	469.0	359.0	-3.0	-2.0	3
5	467.0	356.0	3.0	3.0	-1
5	470.0	359.0	3.0	1.0	-1
5	471.0	362.0	-3.0	3.0	3
5	474.0	359.0	0.0	-1.0	3
5	473.0	359.0	0.0	3.0	-1
5	476.0	359.0	-1.0	-1.0	3
5	475.0	358.0	3.0	1.0	-1
5	476.0	361.0	-1.0	-2.0	3
5	474.0	360.0	3.0	-1.0	-1
5	473.0	363.0	-3.0	-1.0	3
5	472.0	360.0	1.0	1.0	-1
5	473.0	361.0	0.0	3.0	-1
5	476.0	361.0	-3.0	3.0	3
5	479.0	358.0	-2.0	-1.0	3
5	478.0	356.0	-3.0	2.0	3
5	480.0	353.0	2.0	-1.0	-1
5	479.0	355.0	1.0	-2.0	3
5	477.0	356.0	2.0	0.0	-1
5	477.0	358.0	-2.0	3.0	3
5	480.0	356.0	-1.0	-3.0	3
5	477.0	355.0	-1.0	0.0	3
5	477.0	354.0	0.0	1.0	-1
5	478.0	354.0	-1.0	-1.0	3
5	477.0	353.0	-1.0	-3.0	3
5	474.0	352.0	-3.0	-1.0	3
5	473.0	349.0	-3.0	-2.0	3
5	471.0	346.0	-1.0	-3.0	3
5	468.0	345.0	3.0	0.0	-1
5	468.0	348.0	2.0	1.0	-1
5	469.0	350.0	3.0	-1.0	-1
5	468.0	353.0	1.0	-3.0	3
5	465.0	354.0	-3.0	-1.0	3
5	464.0	351.0	-1.0	-2.0	3
5	462.0	350.0	-2.0	1.0	3
5	463.0	348.0	3.0	3.0	-1
5	466.0	351.0	-2.0	-1.0	3
5	465.0	349.0	3.0	0.0	-1
5	465.0	352.0	3.0	-1.0	-1
5	464.0	355.0	1.0	-2.0	-1
5	462.0	356.0	2.0	1.0	-1
5	463.0	358.0	1.0	1.0	-1
5	464.0	359.0	1.0	3.0	-1
5	467.0	360.0	-1.0	3.0	-1
5	470.0	359.0	-2.0	-3.0	3
5	467.0	357.0	-3.0	3.0	3
5	470.0	354.0	1.0	2.0	-1
5	472.0	355.0	-2.0	-3.0	3
5	469.0	353.0	2.0	-2.0	-1
5	467.0	355.0	0.0	-2.0	3
5	465.0	355.0	-2.0	1.0	3
5	466.0	353.0	-1.0	1.0	3
5	467.0	352.0	3.0	-2.0	-1
5	465.0	355.0	3.0	-1.0	-1
5	464.0	358.0	1.0	2.0	-1
5	466.0	359.0	-1.0	1.0	3
5	467.0	358.0	0.0	2.0	-1
5	469.0	358.0	0.0	-3.0	3
5	466.0	358.0	3.0	3.0	-1
5	469.0	361.0	3.0	2.0	-1
5	471.0	364.0	0.0	-1.0	3
5	470.0	364.0	3.0	-2.0	-1
5	468.0	367.0	3.0	1.0	-1
5	469.0	370.0	-3.0	0.0	3
5	469.0	367.0	-1.0	1.0	3
5	470.0	366.0	-3.0	0.0	3
5	470.0	363.0	3.0	-2.0	-1
5	468.0	366.0	1.0	-3.0	-1
5	465.0	367.0	-2.0	-3.0	3
5	462.0	365.0	2.0	1.0	-1
5	463.0	367.0	3.0	-2.0	-1
5	461.0	370.0	-2.0	1.0	3
5	462.0	368.0	-2.0	-1.0	3
5	461.0	366.0	-1.0	-3.0	3
5	458.0	365.0	0.0	-2.0	3
5	456.0	365.0	-2.0	-3.0	3
5	453.0	363.0	1.0	-1.0	-1
5	452.0	364.0	-2.0	1.0	3
5	453.0	362.0	-3.0	1.0	3
5	454.0	359.0	2.0	-2.0	-1
5	452.0	361.0	-1.0	1.0	3
5	453.0	360.0	-1.0	-2.0	3
5	451.0	359.0	1.0	-2.0	-1
5	449.0	360.0	-3.0	-2.0	3
5	447.0	357.0	-3.0	-1.0	3
5	446.0	354.0	2.0	-1.0	-1
5	445.0	356.0	-2.0	2.0	3
5	447.0	354.0	3.0	2.0	-1
5	449.0	357.0	2.0	-2.0	-1
5	447.0	359.0	3.0	0.0	-1
5	447.0	362.0	3.0	-3.0	-1
5	444.0	365.0	-3.0	1.0	3
5	445.0	362.0	0.0	0.0	-1
5	445.0	362.0	-2.0	0.0	3
5	445.0	360.0	1.0	2.0	-1
5	447.0	361.0	-1.0	3.0	3
5	450.0	360.0	-3.0	-1.0	3
5	449.0	357.0	1.0	2.0	-1
5	451.0	358.0	0.0	3.0	-1
5	454.0	358.0	0.0	-2.0	3
5	452.0	358.0	-1.0	1.0	3
5	453.0	357.0	3.0	3.0	-1
5	456.0	360.0	-1.0	-2.0	3
5	454.0	359.0	-3.0	2.0	3
5	456.0	356.0	-1.0	2.0	3
5	458.0	355.0	-1.0	2.0	3
5	460.0	354.0	-3.0	2.0	3
5	462.0	351.0	1.0	-2.0	-1
5	460.0	352.0	1.0	-1.0	-1
5	459.0	353.0	3.0	1.0	-1
5	460.0	356.0	-2.0	-3.0	3
5	457.0	354.0	-2.0	-2.0	3
5	455.0	352.0	-3.0	-2.0	3
5	453.0	349.0	1.0	1.0	-1
5	454.0	350.0	2.0	-2.0	-1
5	452.0	352.0	0.0	0.0	-1
5	452.0	352.0	3.0	1.0	-1
5	453.0	355.0	3.0	2.0	-1
5	455.0	358.0	0.0	-1.0	3
5	454.0	358.0	2.0	-3.0	-1
5	451.0	360.0	1.0	-3.0	-1
5	448.0	361.0	2.0	-3.0	-1
5	445.0	363.0	3.0	-2.0	-1
5	443.0	366.0	2.0	-2.0	-1
5	441.0	368.0	3.0	0.0	-1
5	441.0	371.0	-3.0	1.0	3
5	442.0	368.0	3.0	-2.0	-1
5	440.0	371.0	0.0	-3.0	-1
5	437.0	371.0	3.0	0.0	-1
5	437.0	374.0	0.0	2.0	3
5	439.0	374.0	-3.0	0.0	3
5	439.0	371.0	2.0	2.0	-1
5	441.0	373.0	0.0	3.0	3
5	444.0	373.0	2.0	-1.0	-1
5	443.0	375.0	-3.0	-1.0	3
5	442.0	372.0	-2.0	-2.0	3
5	440.0	370.0	1.0	-3.0	-1
5	437.0	371.0	-3.0	3.0	3
5	440.0	368.0	3.0	-2.0	-1
5	438.0	371.0	0.0	0.0	-1
5	438.0	371.0	0.0	-1.0	-1
5	437.0	371.0	3.0	-3.0	-1
5	434.0	374.0	-3.0	1.0	3
5	435.0	371.0	0.0	0.0	-1
5	435.0	371.0	-2.0	-2.0	3
5	433.0	369.0	2.0	3.0	-1
5	436.0	371.0	2.0	0.0	-1
5	436.0	373.0	1.0	1.0	-1
5	437.0	374.0	-3.0	-1.0	3
5	436.0	371.0	-2.0	0.0	3
5	436.0	369.0	0.0	2.0	3
5	438.0	369.0	-2.0	-3.0	3
5	435.0	367.0	-3.0	0.0	3
5	435.0	364.0	2.0	-1.0	-1
5	434.0	366.0	2.0	-3.0	-1
5	431.0	368.0	-2.0	3.0	3
5	434.0	366.0	0.0	2.0	3
5	436.0	366.0	-2.0	0.0	3
5	436.0	364.0	0.0	3.0	3
5	439.0	364.0	-1.0	-2.0	3
5	437.0	363.0	2.0	-1.0	-1
5	436.0	365.0	0.0	3.0	3
5	439.0	365.0	3.0	3.0	-1
5	442.0	368.0	-1.0	1.0	3
5	443.0	367.0	0.0	2.0	3
5	445.0	367.0	-1.0	-2.0	3
5	443.0	366.0	2.0	3.0	-1
5	446.0	368.0	-1.0	1.0	3
5	447.0	367.0	-2.0	-3.0	3
5	444.0	365.0	1.0	-1.0	-1
5	443.0	366.0	-3.0	-3.0	3
5	440.0	363.0	-2.0	-1.0	3
5	439.0	361.0	-2.0	1.0	3
5	440.0	359.0	2.0	-3.0	-1
5	437.0	361.0	0.0	-3.0	-1
5	434.0	361.0	0.0	-2.0	-1
5	432.0	361.0	-1.0	-3.0	-1
5	429.0	360.0	1.0	-2.0	-1
5	427.0	361.0	3.0	-2.0	-1
5	425.0	364.0	-1.0	-3.0	-1
5	422.0	363.0	-1.0	2.0	3
5	424.0	362.0	2.0	-3.0	-1
5	421.0	364.0	1.0	-1.0	-1
5	420.0	365.0	1.0	-3.0	-1
5	417.0	366.0	2.0	2.0	-1
5	419.0	368.0	-3.0	-1.0	3
5	418.0	365.0	-3.0	3.0	3
5	421.0	362.0	3.0	-1.0	-1
5	420.0	365.0	1.0	-2.0	-1
5	418.0	366.0	-1.0	-2.0	-1
5	416.0	365.0	2.0	3.0	-1
5	419.0	367.0	-1.0	0.0	3
5	419.0	366.0	1.0	-3.0	-1
5	416.0	367.0	-2.0	1.0	3
5	417.0	365.0	2.0	2.0	-1
5	419.0	367.0	0.0	0.0	-1
5	419.0	367.0	1.0	1.0	-1
5	420.0	368.0	1.0	-2.0	-1
5	418.0	369.0	2.0	2.0	-1
5	420.0	371.0	0.0	1.0	3
5	421.0	371.0	-3.0	-3.0	3
5	418.0	368.0	-2.0	-2.0	3
5	416.0	366.0	3.0	2.0	-1
5	418.0	369.0	-1.0	1.0	3
5	419.0	368.0	-3.0	-3.0	3
5	416.0	365.0	2.0	-2.0	-1
5	414.0	367.0	2.0	-3.0	-1
5	411.0	369.0	-1.0	-2.0	-1
5	409.0	368.0	1.0	2.0	3
5	411.0	369.0	-3.0	3.0	3
5	414.0	366.0	-1.0	-3.0	-1
5	411.0	365.0	1.0	1.0	-1
5	412.0	366.0	-1.0	-2.0	-1
5	410.0	365.0	-1.0	0.0	3
5	410.0	364.0	1.0	-2.0	-1
5	408.0	365.0	2.0	-3.0	-1
5	405.0	367.0	0.0	0.0	-1
5	405.0	367.0	2.0	0.0	-1
5	405.0	369.0	3.0	-3.0	-1
5	402.0	372.0	-3.0	-2.0	3
5	400.0	369.0	0.0	-1.0	-1
5	399.0	369.0	-1.0	3.0	3
5	402.0	368.0	-3.0	-2.0	3
5	400.0	365.0	-2.0	0.0	3
5	400.0	363.0	-3.0	-2.0	3
5	398.0	360.0	3.0	-3.0	-1
5	395.0	363.0	2.0	-2.0	-1
5	393.0	365.0	2.0	2.0	3
5	395.0	367.0	-2.0	0.0	3
5	395.0	365.0	3.0	2.0	-1
5	397.0	368.0	1.0	2.0	3
5	399.0	369.0	-2.0	2.0	3
5	401.0	367.0	3.0	-3.0	-1
5	398.0	370.0	-2.0	2.0	3
5	400.0	368.0	-1.0	-2.0	-1
5	398.0	367.0	1.0	2.0	3
5	400.0	368.0	2.0	0.0	-1
5	400.0	370.0	3.0	3.0	-1
5	403.0	373.0	0.0	3.0	3
5	406.0	373.0	-1.0	-1.0	3
5	405.0	372.0	-2.0	3.0	3
5	408.0	370.0	3.0	-3.0	-1
5	405.0	373.0	-3.0	1.0	3
5	406.0	370.0	1.0	1.0	-1
5	407.0	371.0	1.0	-3.0	-1
5	404.0	372.0	0.0	-2.0	-1
5	402.0	372.0	-3.0	-3.0	3
5	399.0	369.0	-2.0	-2.0	-1
5	397.0	367.0	3.0	2.0	-1
5	399.0	370.0	0.0	-1.0	-1
5	398.0	370.0	0.0	-2.0	-1
5	396.0	370.0	-1.0	3.0	3
5	399.0	369.0	-2.0	-1.0	3
5	398.0	367.0	-3.0	-2.0	3
5	396.0	364.0	1.0	1.0	3
5	397.0	365.0	1.0	-1.0	-1
5	396.0	366.0	-2.0	-2.0	-1
5	394.0	364.0	-2.0	3.0	3
5	397.0	362.0	0.0	-1.0	-1
5	396.0	362.0	1.0	1.0	3
5	397.0	363.0	0.0	2.0	3
5	399.0	363.0	-1.0	-3.0	-1
5	396.0	362.0	3.0	1.0	-1
5	397.0	365.0	3.0	-1.0	-1
5	396.0	368.0	1.0	2.0	3
5	398.0	369.0	1.0	-3.0	-1
5	395.0	370.0	2.0	-1.0	-1
5	394.0	372.0	-1.0	0.0	3
5	394.0	371.0	-2.0	-2.0	-1
5	392.0	369.0	-3.0	1.0	3
5	393.0	366.0	-2.0	2.0	3
5	395.0	364.0	3.0	-3.0	-1
5	392.0	367.0	2.0	-3.0	-1
5	389.0	369.0	1.0	0.0	-1
5	389.0	370.0	2.0	1.0	-1
5	390.0	372.0	-1.0	-3.0	-1
5	387.0	371.0	-1.0	3.0	3
5	390.0	370.0	0.0	-1.0	-1
5	389.0	370.0	0.0	-3.0	-1
5	386.0	370.0	0.0	2.0	3
5	388.0	370.0	-2.0	1.0	3
5	389.0	368.0	3.0	-2.0	-1
5	387.0	371.0	-2.0	-3.0	-1
5	384.0	369.0	3.0	2.0	-1
5	386.0	372.0	-3.0	2.0	3
5	388.0	369.0	0.0	-3.0	-1
5	385.0	369.0	-3.0	1.0	3
5	386.0	366.0	-3.0	-1.0	3
5	385.0	363.0	-2.0	0.0	3
5	385.0	361.0	-1.0	1.0	3
5	386.0	360.0	1.0	-3.0	-1
5	383.0	361.0	0.0	-3.0	-1
5	380.0	361.0	-3.0	-1.0	3
5	379.0	358.0	0.0	2.0	3
5	381.0	358.0	0.0	1.0	3
5	382.0	358.0	1.0	-2.0	-1
5	380.0	359.0	0.0	-1.0	-1
5	379.0	359.0	-3.0	-3.0	-1
5	376.0	356.0	2.0	3.0	3
5	379.0	358.0	3.0	3.0	3
5	382.0	361.0	-2.0	-3.0	-1
5	379.0	359.0	-2.0	3.0	3
5	382.0	357.0	1.0	0.0	-1
5	382.0	358.0	-3.0	3.0	3
5	385.0	355.0	-3.0	1.0	3
5	386.0	352.0	-2.0	-3.0	-1
5	383.0	350.0	-3.0	-2.0	-1
5	381.0	347.0	-1.0	-1.0	-1
5	380.0	346.0	-1.0	0.0	3
5	380.0	345.0	-3.0	3.0	3
5	383.0	342.0	0.0	0.0	-1
5	383.0	342.0	-2.0	1.0	3
5	384.0	340.0	0.0	0.0	-1
5	384.0	340.0	-2.0	-2.0	-1
5	382.0	338.0	3.0	0.0	-1
5	382.0	341.0	1.0	-1.0	-1
5	381.0	342.0	-1.0	-3.0	-1
5	378.0	341.0	-2.0	-2.0	-1
5	376.0	339.0	1.0	2.0	3
5	378.0	340.0	3.0	-2.0	-1
5	376.0	343.0	3.0	-2.0	-1
5	374.0	346.0	0.0	0.0	-1
5	374.0	346.0	-2.0	0.0	3
5	374.0	344.0	0.0	-1.0	-1
5	373.0	344.0	2.0	1.0	3
5	374.0	346.0	-2.0	1.0	3
5	375.0	344.0	-3.0	-3.0	-1
5	372.0	341.0	2.0	1.0	3
5	373.0	343.0	-3.0	1.0	3
5	374.0	340.0	3.0	-1.0	-1
5	373.0	343.0	-1.0	0.0	3
5	373.0	342.0	-3.0	-3.0	-1
5	370.0	339.0	-3.0	-3.0	-1
5	367.0	336.0	3.0	2.0	3
5	369.0	339.0	0.0	1.0	3
5	370.0	339.0	3.0	0.0	-1
5	370.0	342.0	-3.0	-3.0	-1
5	367.0	339.0	3.0	2.0	3
5	369.0	342.0	-3.0	2.0	3
5	371.0	339.0	-1.0	3.0	3
5	374.0	338.0	0.0	0.0	-1
5	374.0	338.0	-1.0	-2.0	-1
5	372.0	337.0	1.0	3.0	3
5	375.0	338.0	0.0	1.0	3
5	376.0	338.0	-3.0	-3.0	-1
5	373.0	335.0	1.0	-3.0	-1
5	370.0	336.0	0.0	-1.0	-1
5	369.0	336.0	0.0	3.0	3
5	372.0	336.0	-2.0	2.0	3
5	374.0	334.0	1.0	-3.0	-1
5	371.0	335.0	3.0	1.0	3
5	372.0	338.0	3.0	3.0	3
5	375.0	341.0	-1.0	0.0	3
5	375.0	340.0	1.0	1.0	3
5	376.0	341.0	1.0	2.0	3
5	378.0	342.0	-2.0	-1.0	-1
5	377.0	340.0	-3.0	-3.0	-1
5	374.0	337.0	-1.0	-1.0	-1
5	373.0	336.0	1.0	-1.0	-1
5	372.0	337.0	-1.0	-2.0	-1
5	370.0	336.0	-3.0	3.0	3
5	373.0	333.0	3.0	0.0	-1
5	373.0	336.0	0.0	1.0	3
5	374.0	336.0	-1.0	-3.0	-1
5	371.0	335.0	0.0	-3.0	-1
5	368.0	335.0	-3.0	3.0	3
5	371.0	332.0	-1.0	3.0	3
5	374.0	331.0	0.0	1.0	3
5	375.0	331.0	2.0	1.0	3
5	376.0	333.0	-2.0	2.0	3
5	378.0	331.0	-1.0	-3.0	-1
5	375.0	330.0	2.0	-2.0	-1
5	373.0	332.0	-3.0	2.0	3
5	375.0	329.0	-3.0	0.0	3
5	375.0	326.0	-3.0	-2.0	-1
5	373.0	323.0	-3.0	1.0	3
5	374.0	320.0	-3.0	1.0	3
5	375.0	317.0	-1.0	-2.0	-1
5	373.0	316.0	-1.0	-3.0	-1
5	370.0	315.0	2.0	0.0	-1
5	370.0	317.0	0.0	0.0	-1
5	370.0	317.0	2.0	-3.0	-1
5	367.0	319.0	-3.0	-2.0	-1
5	365.0	316.0	0.0	1.0	3
5	366.0	316.0	2.0	2.0	3
5	368.0	318.0	1.0	2.0	3
5	370.0	319.0	-2.0	-1.0	-1
5	369.0	317.0	1.0	-3.0	-1
5	366.0	318.0	2.0	3.0	3
5	369.0	320.0	1.0	-1.0	-1
5	368.0	321.0	2.0	-3.0	-1
5	365.0	323.0	3.0	-2.0	-1
5	363.0	326.0	-3.0	0.0	3
5	363.0	323.0	2.0	1.0	3
5	364.0	325.0	-3.0	0.0	3
5	364.0	322.0	-1.0	-2.0	-1
5	362.0	321.0	-2.0	-1.0	-1
5	361.0	319.0	-1.0	-3.0	-1
5	358.0	318.0	3.0	1.0	3
5	359.0	321.0	-1.0	-1.0	-1
5	358.0	320.0	-1.0	1.0	3
5	359.0	319.0	3.0	-1.0	-1
5	358.0	322.0	2.0	2.0	3
5	360.0	324.0	2.0	0.0	-1
5	360.0	326.0	1.0	-3.0	-1
5	357.0	327.0	-1.0	0.0	3
5	357.0	326.0	-3.0	2.0	3
5	359.0	323.0	-2.0	3.0	3
5	362.0	321.0	3.0	0.0	-1
5	362.0	324.0	-1.0	2.0	3
5	364.0	323.0	0.0	3.0	3
5	367.0	323.0	-2.0	2.0	3
5	369.0	321.0	-1.0	-3.0	-1
5	366.0	320.0	-2.0	0.0	3
5	366.0	318.0	-3.0	2.0	3
5	368.0	315.0	-2.0	0.0	-1
5	368.0	313.0	-3.0	1.0	3
5	369.0	310.0	-2.0	2.0	3
5	371.0	308.0	2.0	0.0	3
5	371.0	310.0	-1.0	1.0	3
5	372.0	309.0	0.0	2.0	3
5	374.0	309.0	1.0	-3.0	-1
5	371.0	310.0	3.0	-2.0	-1
5	369.0	313.0	3.0	0.0	-1
5	369.0	316.0	-1.0	3.0	3
5	372.0	315.0	3.0	-1.0	-1
5	371.0	318.0	-1.0	3.0	3
5	374.0	317.0	-2.0	-1.0	-1
5	373.0	315.0	2.0	-3.0	-1
5	370.0	317.0	-1.0	0.0	3
5	370.0	316.0	2.0	-3.0	-1
5	367.0	318.0	-1.0	-2.0	-1
5	365.0	317.0	1.0	0.0	-1
5	365.0	318.0	-2.0	-1.0	-1
5	364.0	316.0	-1.0	0.0	3
5	364.0	315.0	-2.0	1.0	3
5	365.0	313.0	-3.0	3.0	3
5	368.0	310.0	-3.0	-3.0	-1
5	365.0	307.0	1.0	2.0	3
5	367.0	308.0	1.0	1.0	3
5	368.0	309.0	1.0	-1.0	-1
5	367.0	310.0	1.0	0.0	3
5	367.0	311.0	0.0	1.0	3
5	368.0	311.0	-3.0	1.0	3
5	369.0	308.0	-1.0	-1.0	-1
5	368.0	307.0	0.0	3.0	3
5	371.0	307.0	1.0	2.0	3
5	373.0	308.0	2.0	2.0	3
5	375.0	310.0	2.0	1.0	3
5	376.0	312.0	3.0	0.0	3
5	376.0	315.0	-1.0	2.0	3
5	378.0	314.0	-3.0	0.0	-1
5	378.0	311.0	1.0	-2.0	-1
5	376.0	312.0	1.0	3.0	3
5	379.0	313.0	3.0	0.0	-1
5	379.0	316.0	1.0	2.0	3
5	381.0	317.0	-1.0	2.0	3
5	383.0	316.0	1.0	0.0	-1
5	383.0	317.0	-2.0	3.0	3
5	386.0	315.0	0.0	0.0	-1
